Detuning_Normalizado,Probabilidade_P2
-2.000000000000000000e+01,3.122754493049676762e-04
-1.995802728226652434e+01,3.203203891230941213e-04
-1.991605456453305223e+01,3.284103794865979699e-04
-1.987408184679958012e+01,3.365251024776238337e-04
-1.983210912906610801e+01,3.446430455330706951e-04
-1.979013641133263235e+01,3.527443357346393043e-04
-1.974816369359916024e+01,3.608127641354715465e-04
-1.970619097586568813e+01,3.688365539584532635e-04
-1.966421825813221602e+01,3.768078233362307894e-04
-1.962224554039874036e+01,3.847210640117892824e-04
-1.958027282266526825e+01,3.925711958716809956e-04
-1.953830010493179614e+01,4.003518058016561571e-04
-1.949632738719832048e+01,4.080540431625626963e-04
-1.945435466946484837e+01,4.156663838808338329e-04
-1.941238195173137626e+01,4.231751843053904207e-04
-1.937040923399790415e+01,4.305657183095115302e-04
-1.932843651626442849e+01,4.378232912689831069e-04
-1.928646379853095283e+01,4.449340693563868642e-04
-1.924449108079748072e+01,4.518854198994788087e-04
-1.920251836306400861e+01,4.586657618709259667e-04
-1.916054564533053650e+01,4.652640994858899134e-04
-1.911857292759706084e+01,4.716694983587226431e-04
-1.907660020986358873e+01,4.778707412672649943e-04
-1.903462749213011662e+01,4.838562891396189962e-04
-1.899265477439664096e+01,4.896145238294747834e-04
-1.895068205666316885e+01,4.951341246951250410e-04
-1.890870933892969674e+01,5.004043799799982872e-04
-1.886673662119622463e+01,5.054152742741259245e-04
-1.882476390346274897e+01,5.101573052748784162e-04
-1.878279118572927686e+01,5.146211179295244811e-04
-1.874081846799580475e+01,5.187971432644842467e-04
-1.869884575026233264e+01,5.226754474769383218e-04
-1.865687303252885698e+01,5.262459212106865639e-04
-1.861490031479538132e+01,5.294987946967396122e-04
-1.857292759706190921e+01,5.324253078149492014e-04
-1.853095487932843710e+01,5.350182612332820284e-04
-1.848898216159496499e+01,5.372721761978580500e-04
-1.844700944386148933e+01,5.391829097641712533e-04
-1.840503672612801722e+01,5.407467766424283633e-04
-1.836306400839454511e+01,5.419594478357749262e-04
-1.832109129066106945e+01,5.428150443240008357e-04
-1.827911857292759734e+01,5.433058518141711769e-04
-1.823714585519412523e+01,5.434229251420818682e-04
-1.819517313746065312e+01,5.431575622287801918e-04
-1.815320041972717746e+01,5.425032953731749813e-04
-1.811122770199370180e+01,5.414577879992965278e-04
-1.806925498426022969e+01,5.400239433050556389e-04
-1.802728226652675758e+01,5.382096838154058803e-04
-1.798530954879328547e+01,5.360262284480210191e-04
-1.794333683105980981e+01,5.334851793078683501e-04
-1.790136411332633770e+01,5.305951834339207472e-04
-1.785939139559286559e+01,5.273591965295348644e-04
-1.781741867785938993e+01,5.237733324319205882e-04
-1.777544596012591782e+01,5.198279087033514387e-04
-1.773347324239244571e+01,5.155106769861400552e-04
-1.769150052465897360e+01,5.108115300920323476e-04
-1.764952780692549794e+01,5.057274236219428407e-04
-1.760755508919202583e+01,5.002660332497955737e-04
-1.756558237145855372e+01,4.944468959251862011e-04
-1.752360965372508161e+01,4.882994286592618220e-04
-1.748163693599160595e+01,4.818581199830116921e-04
-1.743966421825813029e+01,4.751560867944498983e-04
-1.739769150052465818e+01,4.682187998292992089e-04
-1.735571878279118607e+01,4.610598858934741840e-04
-1.731374606505771396e+01,4.536804359069121083e-04
-1.727177334732423830e+01,4.460722839240199226e-04
-1.722980062959076619e+01,4.382245340013297247e-04
-1.718782791185729408e+01,4.301315525083237523e-04
-1.714585519412381842e+01,4.218000555770318074e-04
-1.710388247639034631e+01,4.132530275781391899e-04
-1.706190975865687420e+01,4.045290298075351725e-04
-1.701993704092340209e+01,3.956767987691007463e-04
-1.697796432318992643e+01,3.867465117676759665e-04
-1.693599160545645077e+01,3.777802610754350116e-04
-1.689401888772297866e+01,3.688047354714402886e-04
-1.685204616998950655e+01,3.598286571881814493e-04
-1.681007345225603444e+01,3.508462285588573142e-04
-1.676810073452255878e+01,3.418460398958000760e-04
-1.672612801678908667e+01,3.328230988536944306e-04
-1.668415529905561456e+01,3.237904224124624458e-04
-1.664218258132213890e+01,3.147864156943458122e-04
-1.660020986358866679e+01,3.058752034816376213e-04
-1.655823714585519468e+01,2.971389925810357692e-04
-1.651626442812172257e+01,2.886639237792152160e-04
-1.647429171038824691e+01,2.805230329093874250e-04
-1.643231899265477480e+01,2.727612024601440270e-04
-1.639034627492130269e+01,2.653868853355740003e-04
-1.634837355718783058e+01,2.583738313157526198e-04
-1.630640083945435492e+01,2.516733843883258034e-04
-1.626442812172087926e+01,2.452348456494116515e-04
-1.622245540398740715e+01,2.390287901170516085e-04
-1.618048268625393504e+01,2.330668945909949313e-04
-1.613850996852046293e+01,2.274122701282904472e-04
-1.609653725078698727e+01,2.221765061842983157e-04
-1.605456453305351516e+01,2.175031135216550697e-04
-1.601259181532004305e+01,2.135408841461843986e-04
-1.597061909758656917e+01,2.104137893013649692e-04
-1.592864637985309351e+01,2.081954714937933571e-04
-1.588667366211962140e+01,2.068956361074452994e-04
-1.584470094438614929e+01,2.064627915224082207e-04
-1.580272822665267540e+01,2.068035117788981825e-04
-1.576075550891920152e+01,2.078138343613159292e-04
-1.571878279118572941e+01,2.094148320463125974e-04
-1.567681007345225730e+01,2.115828699431940416e-04
-1.563483735571878341e+01,2.143661052158120426e-04
-1.559286463798530775e+01,2.178822294732689715e-04
-1.555089192025183564e+01,2.222974273136493794e-04
-1.550891920251836353e+01,2.277916933417136879e-04
-1.546694648478488965e+01,2.345195699136687025e-04
-1.542497376705141576e+01,2.425768929096051580e-04
-1.538300104931794365e+01,2.519827534762721392e-04
-1.534102833158447154e+01,2.626818949459955267e-04
-1.529905561385099588e+01,2.745672097248861416e-04
-1.525708289611752200e+01,2.875164006623291365e-04
-1.521511017838404989e+01,3.014328035422908893e-04
-1.517313746065057778e+01,3.162790202217932462e-04
-1.513116474291710389e+01,3.320938339487061459e-04
-1.508919202518363001e+01,3.489874284664146219e-04
-1.504721930745015790e+01,3.671159824085213925e-04
-1.500524658971668579e+01,3.866425742614863748e-04
-1.496327387198321013e+01,4.076953380282502667e-04
-1.492130115424973624e+01,4.303347747633312799e-04
-1.487932843651626413e+01,4.545397113473232287e-04
-1.483735571878279202e+01,4.802162252786752153e-04
-1.479538300104931814e+01,5.072273460056990957e-04
-1.475341028331584425e+01,5.354353358697418620e-04
-1.471143756558237214e+01,5.647445785207509976e-04
-1.466946484784890004e+01,5.951326873758279760e-04
-1.462749213011542437e+01,6.266605780425511286e-04
-1.458551941238195049e+01,6.594580999773659320e-04
-1.454354669464847838e+01,6.936887699892697488e-04
-1.450157397691500627e+01,7.295032236863828370e-04
-1.445960125918153238e+01,7.669944428771353646e-04
-1.441762854144805672e+01,8.061675910979955234e-04
-1.437565582371458461e+01,8.469333914208269747e-04
-1.433368310598111250e+01,8.891274575280030869e-04
-1.429171038824763862e+01,9.325506573268035372e-04
-1.424973767051416473e+01,9.770195260645712226e-04
-1.420776495278069262e+01,1.022412701480407285e-03
-1.416579223504722052e+01,1.068700240305462713e-03
-1.412381951731374663e+01,1.115947298365993533e-03
-1.408184679958027097e+01,1.164290753059426782e-03
-1.403987408184679886e+01,1.213894934265004636e-03
-1.399790136411332675e+01,1.264898562845846513e-03
-1.395592864637985286e+01,1.317367577980785688e-03
-1.391395592864637898e+01,1.371267005600572755e-03
-1.387198321091290687e+01,1.426459781596180719e-03
-1.383001049317943476e+01,1.482732952291865866e-03
-1.378803777544595910e+01,1.539844035368851576e-03
-1.374606505771248521e+01,1.597574692516271150e-03
-1.370409233997901310e+01,1.655776833608150252e-03
-1.366211962224554100e+01,1.714398416411702869e-03
-1.362014690451206711e+01,1.773481917623008974e-03
-1.357817418677859322e+01,1.833136111583869715e-03
-1.353620146904512112e+01,1.893489234493902964e-03
-1.349422875131164901e+01,1.954636735987545695e-03
-1.345225603357817334e+01,2.016598195405894679e-03
-1.341028331584469946e+01,2.079295247868089436e-03
-1.336831059811122735e+01,2.142556334901145765e-03
-1.332633788037775524e+01,2.206146505063611134e-03
-1.328436516264428136e+01,2.269813506821730716e-03
-1.324239244491080569e+01,2.333337007618273198e-03
-1.320041972717733358e+01,2.396567151169259891e-03
-1.315844700944386148e+01,2.459441946302147897e-03
-1.311647429171038759e+01,2.521979167287692093e-03
-1.307450157397691370e+01,2.584245726818402110e-03
-1.303252885624344160e+01,2.646313766048363596e-03
-1.299055613850996949e+01,2.708216222764555335e-03
-1.294858342077649560e+01,2.769914446407505636e-03
-1.290661070304301994e+01,2.831286667219842009e-03
-1.286463798530954783e+01,2.892139956948907003e-03
-1.282266526757607572e+01,2.952241565809031552e-03
-1.278069254984260184e+01,3.011360133960567283e-03
-1.273871983210912795e+01,3.069304762132562484e-03
-1.269674711437565584e+01,3.125950924250907748e-03
-1.265477439664218373e+01,3.181246323851972136e-03
-1.261280167890870985e+01,3.235195755338191037e-03
-1.257082896117523418e+01,3.287830058179162709e-03
-1.252885624344176208e+01,3.339168611665263142e-03
-1.248688352570828997e+01,3.389186315281540220e-03
-1.244491080797481608e+01,3.437794311263788274e-03
-1.240293809024134219e+01,3.484839442018064937e-03
-1.236096537250787009e+01,3.530121928233276481e-03
-1.231899265477439798e+01,3.573425640294216384e-03
-1.227701993704092231e+01,3.614552065235465510e-03
-1.223504721930744843e+01,3.653348489280265447e-03
-1.219307450157397632e+01,3.689723043261189123e-03
-1.215110178384050421e+01,3.723643326868847098e-03
-1.210912906610703033e+01,3.755120048969308455e-03
-1.206715634837355644e+01,3.784181096898493746e-03
-1.202518363064008433e+01,3.810843592703875952e-03
-1.198321091290661222e+01,3.835091341638242109e-03
-1.194123819517313656e+01,3.856862877305057558e-03
-1.189926547743966267e+01,3.876051897486948190e-03
-1.185729275970619057e+01,3.892518391008178719e-03
-1.181532004197271846e+01,3.906106220468184842e-03
-1.177334732423924457e+01,3.916661984818757027e-03
-1.173137460650576891e+01,3.924050702991362279e-03
-1.168940188877229680e+01,3.928165755976462808e-03
-1.164742917103882469e+01,3.928932786731250022e-03
-1.160545645330535081e+01,3.926309045584074932e-03
-1.156348373557187692e+01,3.920280415287175253e-03
-1.152151101783840481e+01,3.910857942754301063e-03
-1.147953830010493270e+01,3.898074500060639234e-03
-1.143756558237145882e+01,3.881980858745442530e-03
-1.139559286463798315e+01,3.862639687083817101e-03
-1.135362014690451105e+01,3.840116220164854419e-03
-1.131164742917103894e+01,3.814465620711855135e-03
-1.126967471143756505e+01,3.785718896857681419e-03
-1.122770199370409117e+01,3.753870916228319206e-03
-1.118572927597061906e+01,3.718874770930164376e-03
-1.114375655823714695e+01,3.680646002684875417e-03
-1.110178384050367129e+01,3.639077991373964368e-03
-1.105981112277019740e+01,3.594066696694353611e-03
-1.101783840503672529e+01,3.545539878037363198e-03
-1.097586568730325318e+01,3.493483952894577398e-03
-1.093389296956977930e+01,3.437961567916552556e-03
-1.089192025183630541e+01,3.379114958531686651e-03
-1.084994753410283330e+01,3.317153785658932645e-03
-1.080797481636936119e+01,3.252330313119639917e-03
-1.076600209863588553e+01,3.184908230364033588e-03
-1.072402938090241165e+01,3.115133016800009699e-03
-1.068205666316893954e+01,3.043210944654032701e-03
-1.064008394543546743e+01,2.969300873506508249e-03
-1.059811122770199354e+01,2.893518886708308646e-03
-1.055613850996851788e+01,2.815951968848995086e-03
-1.051416579223504577e+01,2.736674678398039271e-03
-1.047219307450157366e+01,2.655762935926849790e-03
-1.043022035676809978e+01,2.573301556870001561e-03
-1.038824763903462589e+01,2.489386035525352307e-03
-1.034627492130115378e+01,2.404122757745953947e-03
-1.030430220356768167e+01,2.317633655342878855e-03
-1.026232948583420779e+01,2.230070259039412112e-03
-1.022035676810073390e+01,2.141638150401241770e-03
-1.017838405036726002e+01,2.052627135615930822e-03
-1.013641133263378791e+01,1.963437145739730782e-03
-1.009443861490031402e+01,1.874587231910913475e-03
-1.005246589716684014e+01,1.786696794912370897e-03
-1.001049317943336803e+01,1.700434749503813413e-03
-9.968520461699894142e+00,1.616442346948458297e-03
-9.926547743966422033e+00,1.535246010344181984e-03
-9.884575026232948147e+00,1.457184149856354796e-03
-9.842602308499474262e+00,1.382373255659317610e-03
-9.800629590766002153e+00,1.310731900620116554e-03
-9.758656873032528267e+00,1.242067292123854964e-03
-9.716684155299054382e+00,1.176210904779299675e-03
-9.674711437565582273e+00,1.113172591656219840e-03
-9.632738719832110164e+00,1.053271997168369733e-03
-9.590766002098634502e+00,9.972064276393133309e-04
-9.548793284365160616e+00,9.460271132171246952e-04
-9.506820566631688507e+00,9.010188637417506068e-04
-9.464847848898216398e+00,8.635058201806731408e-04
-9.422875131164742513e+00,8.346304826364472429e-04
-9.380902413431268627e+00,8.151665925102643574e-04
-9.338929695697796518e+00,8.054233291106412899e-04
-9.296956977964324409e+00,8.052776289149146888e-04
-9.254984260230848747e+00,8.143374748181569532e-04
-9.213011542497374862e+00,8.322005100768137481e-04
-9.171038824763902753e+00,8.587404522930153043e-04
-9.129066107030430643e+00,8.943388728902639234e-04
-9.087093389296956758e+00,9.399882754149460574e-04
-9.045120671563481096e+00,9.972239457189436846e-04
-9.003147953830008987e+00,1.067889588915477616e-03
-8.961175236096536878e+00,1.153792525088260688e-03
-8.919202518363062993e+00,1.256343100826932567e-03
-8.877229800629589107e+00,1.376286962533419941e-03
-8.835257082896116998e+00,1.513621150727163973e-03
-8.793284365162644889e+00,1.667737782672610398e-03
-8.751311647429171003e+00,1.837773767000637276e-03
-8.709338929695695342e+00,2.023079592745804806e-03
-8.667366211962223232e+00,2.223674682123640695e-03
-8.625393494228751123e+00,2.440547024541519800e-03
-8.583420776495277238e+00,2.675687513428078208e-03
-8.541448058761803352e+00,2.931819066976888884e-03
-8.499475341028331243e+00,3.211869912650657747e-03
-8.457502623294859134e+00,3.518324269424678071e-03
-8.415529905561383472e+00,3.852636002612616715e-03
-8.373557187827909587e+00,4.214892371375167195e-03
-8.331584470094437478e+00,4.603859765810017907e-03
-8.289611752360965369e+00,5.017441867849117311e-03
-8.247639034627491483e+00,5.453458569367218740e-03
-8.205666316894017598e+00,5.910545824595800184e-03
-8.163693599160545489e+00,6.388916558693091483e-03
-8.121720881427073380e+00,6.890734270188038531e-03
-8.079748163693597718e+00,7.419938682712788267e-03
-8.037775445960123832e+00,7.981509098682781911e-03
-7.995802728226651723e+00,8.580318929833522651e-03
-7.953830010493179614e+00,9.219876605207304524e-03
-7.911857292759705729e+00,9.901318424307973404e-03
-7.869884575026230955e+00,1.062298864599985071e-02
-7.827911857292758846e+00,1.138080826801940101e-02
-7.785939139559286737e+00,1.216942381837589002e-02
-7.743966421825811963e+00,1.298389389809538087e-02
-7.701993704092338078e+00,1.382148009281334959e-02
-7.660020986358865969e+00,1.468302148158530558e-02
-7.618048268625393860e+00,1.557342664521756993e-02
-7.576075550891919086e+00,1.650101547139124977e-02
-7.534102833158445200e+00,1.747574542398469891e-02
-7.492130115424973091e+00,1.850668872454356087e-02
-7.450157397691500982e+00,1.959939595641628507e-02
-7.408184679958026209e+00,2.075390245572686018e-02
-7.366211962224552323e+00,2.196405272666377903e-02
-7.324239244491080214e+00,2.321853197493433871e-02
-7.282266526757608105e+00,2.450355735258237869e-02
-7.240293809024133331e+00,2.580669863987882992e-02
-7.198321091290658558e+00,2.712089909721163844e-02
-7.156348373557186449e+00,2.844757553213496035e-02
-7.114375655823714339e+00,2.979777378675564983e-02
-7.072402938090240454e+00,3.119075379972185633e-02
-7.030430220356765680e+00,3.265000751363877907e-02
-6.988457502623293571e+00,3.419743083418293195e-02
-6.946484784889821462e+00,3.584699216096218916e-02
-6.904512067156347577e+00,3.759958103758600373e-02
-6.862539349422872803e+00,3.944064918104359108e-02
-6.820566631689400694e+00,4.134173430598246657e-02
-6.778593913955928585e+00,4.326606265100930299e-02
-6.736621196222454699e+00,4.517734726985960653e-02
-6.694648478488979926e+00,4.704989913348728292e-02
-6.652675760755507817e+00,4.887752512491170404e-02
-6.610703043022035708e+00,5.067862309177782743e-02
-6.568730325288561822e+00,5.249549930936879549e-02
-6.526757607555087048e+00,5.438716367478932390e-02
-6.484784889821614939e+00,5.641646863372961479e-02
-6.442812172088142830e+00,5.863408316089072786e-02
-6.400839454354668057e+00,6.106301161943396283e-02
-6.358866736621194171e+00,6.368780311658776838e-02
-6.316894018887722062e+00,6.645202244654484225e-02
-6.274921301154249953e+00,6.926596830311554376e-02
-6.232948583420775179e+00,7.202428637166724545e-02
-6.190975865687301294e+00,7.463052172049410016e-02
-6.149003147953829185e+00,7.702341209325345994e-02
-6.107030430220357076e+00,7.919846595887486407e-02
-6.065057712486882302e+00,8.121856266257571066e-02
-6.023084994753408417e+00,8.320912436132284207e-02
-5.981112277019936307e+00,8.533662480440500075e-02
-5.939139559286464198e+00,8.777321814482851037e-02
-5.897166841552989425e+00,9.065420183068538529e-02
-5.855194123819514651e+00,9.403787195043807057e-02
-5.813221406086042542e+00,9.787821211287221768e-02
-5.771248688352570433e+00,1.020192632721512171e-01
-5.729275970619096547e+00,1.062159780869850606e-01
-5.687303252885621774e+00,1.101805091853383101e-01
-5.645330535152149665e+00,1.136464003191767352e-01
-5.603357817418677556e+00,1.164375575664954449e-01
-5.561385099685203670e+00,1.185256928102503826e-01
-5.519412381951728896e+00,1.200603003237525612e-01
-5.477439664218256787e+00,1.213595863449984658e-01
-5.435466946484784678e+00,1.228586365418908588e-01
-5.393494228751310793e+00,1.250210565451119471e-01
-5.351521511017836019e+00,1.282302135745473359e-01
-5.309548793284363910e+00,1.326836014719500467e-01
-5.267576075550891801e+00,1.383165659406601633e-01
-5.225603357817417915e+00,1.447783148433557932e-01
-5.183630640083943142e+00,1.514737394257225922e-01
-5.141657922350471033e+00,1.576705108436811109e-01
-5.099685204616998924e+00,1.626549636011343503e-01
-5.057712486883524150e+00,1.659060617221998768e-01
-5.015739769150050265e+00,1.672479803178858471e-01
-4.973767051416578155e+00,1.669414284894460698e-01
-4.931794333683106046e+00,1.656830562663482997e-01
-4.889821615949631273e+00,1.645002215911339771e-01
-4.847848898216157387e+00,1.645518851770811364e-01
-4.805876180482685278e+00,1.668705069559102416e-01
-4.763903462749213169e+00,1.720987731013397526e-01
-4.721930745015738395e+00,1.802834996422371661e-01
-4.679958027282264510e+00,1.907836809051852711e-01
-4.637985309548792401e+00,2.023298382800382822e-01
-4.596012591815320292e+00,2.132404680151037679e-01
-4.554039874081845518e+00,2.217645511502331079e-01
-4.512067156348371633e+00,2.264849485785916106e-01
-4.470094438614899524e+00,2.266946266405233945e-01
-4.428121720881427414e+00,2.226529736098992462e-01
-4.386149003147952641e+00,2.156463818853918135e-01
-4.344176285414477867e+00,2.078144053367753652e-01
-4.302203567681005758e+00,2.017537355901349860e-01
-4.260230849947533649e+00,1.999664521084053015e-01
-4.218258132214059763e+00,2.042639109814394782e-01
-4.176285414480584990e+00,2.152614041615991403e-01
-4.134312696747112881e+00,2.320931794057807251e-01
-4.092339979013640772e+00,2.524404688061768764e-01
-4.050367261280166886e+00,2.729020142263359205e-01
-4.008394543546692113e+00,2.896592452789170102e-01
-3.966421825813220003e+00,2.993135460796441105e-01
-3.924449108079747894e+00,2.997189723590867882e-01
-3.882476390346273565e+00,2.906154446494134680e-01
-3.840503672612799235e+00,2.738930712221890329e-01
-3.798530954879327126e+00,2.533864979585990218e-01
-3.756558237145855017e+00,2.341974256316961545e-01
-3.714585519412380687e+00,2.216534894081753637e-01
-3.672612801678906358e+00,2.201077220649062804e-01
-3.630640083945434249e+00,2.318407696667622586e-01
-3.588667366211962140e+00,2.563304290599403568e-01
-3.546694648478487810e+00,2.900938515558962871e-01
-3.504721930745013481e+00,3.271947764122449809e-01
-3.462749213011541372e+00,3.603627260314712366e-01
-3.420776495278069262e+00,3.825241925506646101e-01
-3.378803777544594489e+00,3.884317143110022630e-01
-3.336831059811120159e+00,3.760250978819862366e-01
-3.294858342077648050e+00,3.471876528532929496e-01
-3.252885624344175941e+00,3.076697198913929121e-01
-3.210912906610701611e+00,2.661236548399813495e-01
-3.168940188877227282e+00,2.323942264742837327e-01
-3.126967471143755173e+00,2.153920311649956121e-01
-3.084994753410283064e+00,2.210009914477588100e-01
-3.043022035676808734e+00,2.505006121605105607e-01
-3.001049317943334405e+00,2.999048440334549648e-01
-2.959076600209862296e+00,3.604416420536124543e-01
-2.917103882476390186e+00,4.201538672637686878e-01
-2.875131164742915857e+00,4.663442016950139490e-01
-2.833158447009441527e+00,4.883726877469191652e-01
-2.791185729275969418e+00,4.801980808442789517e-01
-2.749213011542497309e+00,4.420676789803750784e-01
-2.707240293809022535e+00,3.809111397981270186e-01
-2.665267576075548206e+00,3.092571849659360717e-01
-2.623294858342076097e+00,2.428154245803721967e-01
-2.581322140608603988e+00,1.971787066034330071e-01
-2.539349422875129658e+00,1.843318461171965239e-01
-2.497376705141655329e+00,2.097419393657364850e-01
-2.455403987408183220e+00,2.707239772585776638e-01
-2.413431269674711110e+00,3.565307798307116305e-01
-2.371458551941236781e+00,4.502540182675390801e-01
-2.329485834207762451e+00,5.322187673982451406e-01
-2.287513116474290342e+00,5.841974081003881158e-01
-2.245540398740818233e+00,5.935439939851948621e-01
-2.203567681007343904e+00,5.563163547217456761e-01
-2.161594963273869574e+00,4.786288710711166794e-01
-2.119622245540397465e+00,3.758357852651429409e-01
-2.077649527806925356e+00,2.696118620279097655e-01
-2.035676810073450582e+00,1.834739533160442693e-01
-1.993704092339976475e+00,1.376657586497769814e-01
-1.951731374606504366e+00,1.445177928719128535e-01
-1.909758656873032256e+00,2.053427265480717856e-01
-1.867785939139557705e+00,3.096327275071720786e-01
-1.825813221406083375e+00,4.368450969984922216e-01
-1.783840503672611266e+00,5.604953484162600308e-01
-1.741867785939139157e+00,6.537472685488313617e-01
-1.699895068205664828e+00,6.953188632675432190e-01
-1.657922350472190498e+00,6.744021066481648008e-01
-1.615949632738718389e+00,5.934610144362676420e-01
-1.573976915005246280e+00,4.682010505157315206e-01
-1.532004197271771728e+00,3.246071490640448087e-01
-1.490031479538297399e+00,1.935983615041544648e-01
-1.448058761804825290e+00,1.043994693753304559e-01
-1.406086044071353180e+00,7.805581150102818000e-02
-1.364113326337878851e+00,1.225355446901824213e-01
-1.322140608604404521e+00,2.305587739713937934e-01
-1.280167890870932412e+00,3.807230166430644602e-01
-1.238195173137460303e+00,5.417786520360332592e-01
-1.196222455403985752e+00,6.792024688183132541e-01
-1.154249737670511422e+00,7.626808441324113286e-01
-1.112277019937039313e+00,7.728718989782791260e-01
-1.070304302203567204e+00,7.059309649379702511e-01
-1.028331584470092874e+00,5.747400279002363721e-01
-9.863588667366184337e-01,4.064864061369585779e-01
-9.443861490031463246e-01,2.370374120627037340e-01
-9.024134312696742155e-01,1.032791648992201078e-01
-8.604407135361998860e-01,3.506577596471404518e-02
-8.184679958027254454e-01,4.854736853804336033e-02
-7.764952780692533363e-01,1.423767181611843013e-01
-7.345225603357812272e-01,2.976865546232441151e-01
-6.925498426023068976e-01,4.819116935021392489e-01
-6.505771248688324571e-01,6.556807099159368546e-01
-6.086044071353603480e-01,7.813097569452380764e-01
-5.666316894018882389e-01,8.310533763000422791e-01
-5.246589716684139093e-01,7.932930078488218406e-01
-4.826862539349395242e-01,6.752737391428043079e-01
-4.407135362014673596e-01,5.017436789557782051e-01
-3.987408184679952505e-01,3.097467996650569155e-01
-3.567681007345208655e-01,1.406716133086333975e-01
-3.147953830010465359e-01,3.127474987290067288e-02
-2.728226652675744268e-01,5.640846098429219344e-03
-2.308499475341022900e-01,6.985070062968959381e-02
-1.888772298006279049e-01,2.105467453078106732e-01
-1.469045120671535198e-01,3.977348777882454556e-01
-1.049317943336814107e-01,5.912313832073753384e-01
-6.295907660020930163e-02,7.493589036423411454e-01
-2.098635886673491657e-02,8.379952306325388900e-01
2.098635886673946502e-02,8.379951776722396328e-01
6.295907660021157759e-02,7.493587562041633676e-01
1.049317943336836867e-01,5.912311731274916271e-01
1.469045120671580718e-01,3.977346503672357647e-01
1.888772298006324568e-01,2.105465494643241897e-01
2.308499475341045659e-01,6.985057829339087754e-02
2.728226652675766473e-01,5.640823159847242751e-03
3.147953830010510323e-01,3.127483065842099480e-02
3.567681007345254174e-01,1.406717797680506477e-01
3.987408184679975265e-01,3.097470154214751470e-01
4.407135362014696356e-01,5.017438973030272642e-01
4.826862539349440206e-01,6.752739132188837479e-01
5.246589716684184612e-01,7.932931007527446177e-01
5.666316894018927908e-01,8.310533689518699862e-01
6.086044071353626794e-01,7.813096520034569226e-01
6.505771248688370090e-01,6.556805309449459385e-01
6.925498426023114495e-01,4.819114796281714908e-01
7.345225603357812272e-01,2.976863518974260936e-01
7.764952780692556678e-01,1.423765695495553263e-01
8.184679958027299973e-01,4.854730472994081558e-02
8.604407135362044379e-01,3.506580897875563596e-02
9.024134312696787674e-01,1.032792858257002011e-01
9.443861490031486561e-01,2.370375933586020001e-01
9.863588667366229856e-01,4.064866078928030535e-01
1.028331584470097315e+00,5.747402066461789749e-01
1.070304302203567204e+00,7.059310830339029508e-01
1.112277019937041533e+00,7.728719325467278134e-01
1.154249737670516085e+00,7.626807878534054286e-01
1.196222455403990415e+00,6.792023366241799476e-01
1.238195173137464744e+00,5.417784736548758584e-01
1.280167890870934633e+00,3.807228308400573691e-01
1.322140608604408962e+00,2.305586200298964106e-01
1.364113326337883292e+00,1.225354540147334109e-01
1.406086044071353180e+00,7.805580114587901130e-02
1.448058761804827510e+00,1.043995388351028342e-01
1.490031479538302062e+00,1.935984933592103940e-01
1.532004197271776391e+00,3.246073132230634095e-01
1.573976915005250721e+00,4.682012110301033148e-01
1.615949632738720609e+00,5.934611373393694489e-01
1.657922350472194939e+00,6.744021671033862964e-01
1.699895068205669268e+00,6.953188505165031064e-01
1.741867785939139157e+00,6.537471876783356173e-01
1.783840503672613487e+00,5.604952186824646576e-01
1.825813221406088038e+00,4.368449471971344589e-01
1.867785939139562368e+00,3.096325894948682156e-01
1.909758656873036697e+00,2.053426283734875735e-01
1.951731374606506586e+00,1.445177530006599154e-01
1.993704092339980916e+00,1.376657824706484790e-01
2.035676810073455467e+00,1.834740325765683577e-01
2.077649527806925356e+00,2.696119771908664364e-01
2.119622245540399685e+00,3.758359101521602796e-01
2.161594963273874015e+00,4.786289786981595684e-01
2.203567681007348344e+00,5.563164230272784616e-01
2.245540398740822674e+00,5.935440102364374360e-01
2.287513116474292563e+00,5.841973711049109896e-01
2.329485834207766892e+00,5.322186871608263203e-01
2.371458551941241222e+00,4.502539132964626378e-01
2.413431269674711110e+00,3.565306727892635918e-01
2.455403987408185440e+00,2.707238899740344040e-01
2.497376705141659770e+00,2.097418882908251292e-01
2.539349422875134099e+00,1.843318391820120417e-01
2.581322140608608873e+00,1.971787420467731866e-01
2.623294858342078317e+00,2.428154918937454609e-01
2.665267576075553091e+00,3.092572676255178621e-01
2.707240293809027420e+00,3.809112190982759660e-01
2.749213011542497309e+00,4.420677380893559549e-01
2.791185729275971639e+00,4.801981082095992948e-01
2.833158447009445968e+00,4.883726791707186932e-01
2.875131164742920298e+00,4.663441607263167921e-01
2.917103882476394627e+00,4.201538039351317422e-01
2.959076600209864516e+00,3.604415703398554105e-01
3.001049317943338846e+00,2.999047786564206231e-01
3.043022035676813175e+00,2.505005654601995535e-01
3.084994753410283064e+00,2.210009709760660523e-01
3.126967471143757393e+00,2.153920384586966996e-01
3.168940188877231723e+00,2.323942571809042013e-01
3.210912906610706052e+00,2.661237000704049227e-01
3.252885624344180826e+00,3.076697684221602058e-01
3.294858342077650271e+00,3.471876936495436605e-01
3.336831059811125044e+00,3.760251223842468460e-01
3.378803777544599374e+00,3.884317180220484000e-01
3.420776495278069262e+00,3.825241756434287210e-01
3.462749213011543592e+00,3.603626929285591585e-01
3.504721930745017922e+00,3.271947345095357340e-01
3.546694648478492251e+00,2.900938094299622128e-01
3.588667366211966581e+00,2.563303945801712058e-01
3.630640083945436469e+00,2.318407484179847433e-01
3.672612801678910799e+00,2.201077163859501695e-01
3.714585519412385128e+00,2.216534981951481242e-01
3.756558237145855017e+00,2.341974448797842223e-01
3.798530954879329347e+00,2.533865218622540771e-01
3.840503672612803676e+00,2.738930935514604648e-01
3.882476390346278006e+00,2.906154600873833704e-01
3.924449108079752779e+00,2.997189775225004293e-01
3.966421825813222224e+00,2.993135400376858990e-01
4.008394543546696553e+00,2.896592295086803936e-01
4.050367261280171327e+00,2.729019920685681333e-01
4.092339979013640772e+00,2.524404445844533607e-01
4.134312696747115545e+00,2.320931574276253462e-01
4.176285414480589431e+00,2.152613878235057066e-01
4.218258132214064204e+00,2.042639021556790502e-01
4.260230849947538090e+00,1.999664509120164246e-01
4.302203567681008423e+00,2.017537405454300214e-01
4.344176285414483196e+00,2.078144138489239623e-01
4.386149003147957082e+00,2.156463909032888260e-01
4.428121720881427414e+00,2.226529803117998640e-01
4.470094438614901300e+00,2.266946289974617335e-01
4.512067156348376074e+00,2.264849456901848190e-01
4.554039874081849959e+00,2.217645433070063177e-01
4.596012591815324733e+00,2.132404565043293510e-01
4.637985309548794177e+00,2.023298250044818503e-01
4.679958027282268951e+00,1.907836679160271331e-01
4.721930745015742836e+00,1.802834886942729642e-01
4.763903462749213169e+00,1.720987653216122237e-01
4.805876180482687055e+00,1.668705026825377524e-01
4.847848898216161828e+00,1.645518839825069746e-01
4.889821615949635714e+00,1.645002224633110022e-01
4.931794333683110487e+00,1.656830578910319096e-01
4.973767051416579932e+00,1.669414295620536559e-01
5.015739769150054705e+00,1.672479798155912800e-01
5.057712486883529479e+00,1.659060590836416438e-01
5.099685204616998924e+00,1.626549587870377012e-01
5.141657922350473697e+00,1.576705042801553880e-01
5.183630640083947583e+00,1.514737318566786450e-01
5.225603357817422356e+00,1.447783071344946604e-01
5.267576075550896242e+00,1.383165588825258363e-01
5.309548793284366575e+00,1.326835956238333059e-01
5.351521511017840460e+00,1.282302091771033992e-01
5.393494228751315234e+00,1.250210535114804900e-01
5.435466946484784678e+00,1.228586345191431672e-01
5.477439664218259452e+00,1.213595848238507718e-01
5.519412381951733337e+00,1.200602987670073840e-01
5.561385099685208111e+00,1.185256907702499224e-01
5.603357817418681996e+00,1.164375547680432110e-01
5.645330535152152329e+00,1.136463966948040166e-01
5.687303252885626215e+00,1.101805048616833621e-01
5.729275970619100988e+00,1.062159733316633270e-01
5.771248688352570433e+00,1.020192584177143647e-01
5.813221406086045207e+00,9.787820747718634085e-02
5.855194123819519980e+00,9.403786777102096650e-02
5.897166841552993866e+00,9.065419822521794679e-02
5.939139559286468639e+00,8.777321510279779970e-02
5.981112277019938084e+00,8.533662220747027793e-02
6.023084994753412857e+00,8.320912202410697678e-02
6.065057712486886743e+00,8.121856038228689179e-02
6.107030430220357076e+00,7.919846356178852909e-02
6.149003147953830961e+00,7.702340946838832914e-02
6.190975865687305735e+00,7.463051883490168237e-02
6.232948583420779620e+00,7.202428326651733048e-02
6.274921301154254394e+00,6.926596507407770109e-02
6.316894018887723838e+00,6.645201921493945618e-02
6.358866736621198612e+00,6.368779999894072508e-02
6.400839454354673386e+00,6.106300870238938472e-02
6.442812172088142830e+00,5.863408048630468911e-02
6.484784889821617604e+00,5.641646619585961864e-02
6.526757607555091489e+00,5.438716142853396857e-02
6.568730325288566263e+00,5.249549718617793626e-02
6.610703043022040148e+00,5.067862101858365553e-02
6.652675760755510481e+00,4.887752304138223702e-02
6.694648478488984367e+00,4.704989700391015023e-02
6.736621196222459140e+00,4.517734508768681684e-02
6.778593913955928585e+00,4.326606043603618140e-02
6.820566631689403359e+00,4.134173209582353570e-02
6.862539349422877244e+00,3.944064701967259223e-02
6.904512067156352018e+00,3.759957896400450972e-02
6.946484784889825903e+00,3.584699020063315811e-02
6.988457502623296236e+00,3.419742899486419990e-02
7.030430220356770121e+00,3.265000578599847048e-02
7.072402938090244895e+00,3.119075216193941888e-02
7.114375655823714339e+00,2.979777221146775665e-02
7.156348373557189113e+00,2.844757399374098911e-02
7.198321091290663887e+00,2.712089757772917498e-02
7.240293809024137772e+00,2.580669713212007874e-02
7.282266526757612546e+00,2.450355586023733601e-02
7.324239244491081990e+00,2.321853050995120391e-02
7.366211962224556764e+00,2.196405130493086708e-02
7.408184679958030650e+00,2.075390109235005290e-02
7.450157397691500982e+00,1.959939466182411896e-02
7.492130115424974868e+00,1.850668750228651530e-02
7.534102833158449641e+00,1.747574427056808669e-02
7.576075550891923527e+00,1.650101437792171610e-02
7.618048268625398300e+00,1.557342560021351963e-02
7.660020986358867745e+00,1.468302047409016618e-02
7.701993704092342519e+00,1.382147911496848028e-02
7.743966421825817292e+00,1.298389294658020693e-02
7.785939139559286737e+00,1.216942289447850954e-02
7.827911857292761511e+00,1.138080737648589427e-02
7.869884575026235396e+00,1.062298779311134783e-02
7.911857292759710170e+00,9.901317615781713571e-03
7.953830010493184055e+00,9.219875844496124712e-03
7.995802728226654388e+00,8.580318217227182395e-03
8.037775445960129161e+00,7.981508431358984995e-03
8.079748163693603047e+00,7.419938055612864194e-03
8.121720881427073380e+00,6.890733677394751851e-03
8.163693599160547265e+00,6.388915994880721427e-03
8.205666316894021151e+00,5.910545286160060613e-03
8.247639034627495036e+00,5.453458054962473378e-03
8.289611752360970698e+00,5.017441378255482580e-03
8.331584470094439254e+00,4.603859303237974737e-03
8.373557187827914916e+00,4.214891938457884443e-03
8.415529905561388802e+00,3.852635601392044758e-03
8.457502623294859134e+00,3.518323900610307101e-03
8.499475341028333020e+00,3.211869575323988112e-03
8.541448058761806905e+00,2.931818758774959194e-03
8.583420776495282567e+00,2.675687231108076630e-03
8.625393494228756452e+00,2.440546764730096123e-03
8.667366211962226785e+00,2.223674442026339279e-03
8.709338929695700671e+00,2.023079370624488241e-03
8.751311647429174556e+00,1.837773562310096934e-03
8.793284365162644889e+00,1.667737595853702398e-03
8.835257082896118774e+00,1.513620982744946861e-03
8.877229800629592660e+00,1.376286814318062202e-03
8.919202518363068322e+00,1.256342972779377369e-03
8.961175236096542207e+00,1.153792416786501417e-03
9.003147953830012540e+00,1.067889499081214758e-03
9.045120671563486425e+00,9.972238724349792843e-04
9.087093389296960311e+00,9.399882165073370150e-04
9.129066107030430643e+00,8.943388263545435507e-04
9.171038824763904529e+00,8.587404166434288314e-04
9.213011542497380191e+00,8.322004845260649484e-04
9.254984260230854076e+00,8.143374592539314805e-04
9.296956977964327962e+00,8.052776236945958285e-04
9.338929695697798294e+00,8.054233347469129042e-04
9.380902413431272180e+00,8.151666093423975924e-04
9.422875131164746065e+00,8.346305105768262031e-04
9.464847848898216398e+00,8.635058585984736572e-04
9.506820566631690284e+00,9.010189115046178358e-04
9.548793284365165945e+00,9.460271688631899248e-04
9.590766002098639831e+00,9.972064896239479868e-04
9.632738719832113716e+00,1.053272064115193685e-03
9.674711437565584049e+00,1.113172662544069033e-03
9.716684155299057934e+00,1.176210979027583628e-03
9.758656873032533596e+00,1.242067369563300012e-03
9.800629590766002153e+00,1.310731981371135273e-03
9.842602308499477815e+00,1.382373339959314497e-03
9.884575026232951700e+00,1.457184237885400437e-03
9.926547743966425585e+00,1.535246102092862035e-03
9.968520461699899471e+00,1.616442442153392511e-03
1.001049317943336980e+01,1.700434847655978628e-03
1.005246589716684369e+01,1.786696895322636286e-03
1.009443861490031935e+01,1.874587333808401752e-03
1.013641133263378791e+01,1.963437248369921152e-03
1.017838405036726357e+01,2.052627238316576553e-03
1.022035676810073745e+01,2.141638252642619027e-03
1.026232948583421134e+01,2.230070360428155433e-03
1.030430220356768523e+01,2.317633755599411965e-03
1.034627492130115556e+01,2.404122856670545556e-03
1.038824763903462944e+01,2.489386132964271654e-03
1.043022035676810511e+01,2.573301652693101883e-03
1.047219307450157366e+01,2.655763030018448885e-03
1.051416579223504932e+01,2.736674770654296159e-03
1.055613850996852321e+01,2.815952059177758652e-03
1.059811122770199709e+01,2.893518975025030637e-03
1.064008394543547276e+01,2.969300959721649612e-03
1.068205666316894131e+01,3.043211028653527560e-03
1.072402938090241697e+01,3.115133098427809270e-03
1.076600209863589086e+01,3.184908309409273559e-03
1.080797481636936119e+01,3.252330389319789839e-03
1.084994753410283508e+01,3.317153858715615310e-03
1.089192025183630896e+01,3.379115028141122922e-03
1.093389296956978285e+01,3.437961633807615561e-03
1.097586568730325851e+01,3.493484014860510217e-03
1.101783840503672707e+01,3.545539935959360258e-03
1.105981112277020273e+01,3.594066750547000779e-03
1.110178384050367661e+01,3.639078041210082673e-03
1.114375655823714695e+01,3.680646048612502570e-03
1.118572927597062083e+01,3.718874813075449901e-03
1.122770199370409472e+01,3.753870954706087486e-03
1.126967471143757038e+01,3.785718931744304523e-03
1.131164742917104427e+01,3.814465652037810853e-03
1.135362014690451460e+01,3.840116247913225294e-03
1.139559286463798848e+01,3.862639711202355865e-03
1.143756558237146237e+01,3.881980879162399718e-03
1.147953830010493270e+01,3.898074516699928140e-03
1.152151101783840659e+01,3.910857955549303100e-03
1.156348373557188047e+01,3.920280424188828973e-03
1.160545645330535613e+01,3.926309050566461831e-03
1.164742917103883002e+01,3.928932787795225319e-03
1.168940188877230035e+01,3.928165753154123224e-03
1.173137460650577424e+01,3.924050696349967379e-03
1.177334732423924812e+01,3.916661974462768391e-03
1.181532004197271846e+01,3.906106206537513555e-03
1.185729275970619234e+01,3.892518373671792920e-03
1.189926547743966800e+01,3.876051876926566667e-03
1.194123819517314189e+01,3.856862853694586341e-03
1.198321091290661577e+01,3.835091315122528873e-03
1.202518363064008611e+01,3.810843563381274748e-03
1.206715634837355999e+01,3.784181064812357914e-03
1.210912906610703388e+01,3.755120014115793849e-03
1.215110178384050421e+01,3.723643289216389558e-03
1.219307450157397810e+01,3.689723002782514891e-03
1.223504721930745376e+01,3.653348445983440988e-03
1.227701993704092764e+01,3.614552019190361582e-03
1.231899265477440153e+01,3.573425591642695638e-03
1.236096537250787186e+01,3.530121877182062877e-03
1.240293809024134575e+01,3.484839388812728533e-03
1.244491080797482141e+01,3.437794256149724354e-03
1.248688352570828997e+01,3.389186258466798073e-03
1.252885624344176563e+01,3.339168553291198879e-03
1.257082896117523951e+01,3.287829998309520479e-03
1.261280167890871340e+01,3.235195693971076522e-03
1.265477439664218728e+01,3.181246260950883285e-03
1.269674711437565762e+01,3.125950859788879585e-03
1.273871983210913150e+01,3.069304696131529720e-03
1.278069254984260716e+01,3.011360066521858586e-03
1.282266526757607572e+01,2.952241497117512065e-03
1.286463798530955138e+01,2.892139887254196497e-03
1.290661070304302527e+01,2.831286596796916272e-03
1.294858342077649915e+01,2.769914375509522839e-03
1.299055613850997304e+01,2.708216151577074512e-03
1.303252885624344337e+01,2.646313694663281722e-03
1.307450157397691726e+01,2.584245655235347522e-03
1.311647429171039292e+01,2.521979095438171403e-03
1.315844700944386148e+01,2.459441874096720063e-03
1.320041972717733714e+01,2.396567078551702524e-03
1.324239244491081102e+01,2.333336934610092533e-03
1.328436516264428491e+01,2.269813433546014059e-03
1.332633788037776057e+01,2.206146431738828691e-03
1.336831059811122913e+01,2.142556261808567768e-03
1.341028331584470479e+01,2.079295175297828872e-03
1.345225603357817867e+01,2.016598123600088586e-03
1.349422875131164901e+01,1.954636665093300793e-03
1.353620146904512289e+01,1.893489164542915687e-03
1.357817418677859678e+01,1.833136042504218428e-03
1.362014690451207066e+01,1.773481849275559095e-03
1.366211962224554632e+01,1.714398348650320644e-03
1.370409233997901488e+01,1.655776766337948690e-03
1.374606505771249054e+01,1.597574625739656314e-03
1.378803777544596443e+01,1.539843969203356835e-03
1.383001049317943476e+01,1.482732886955949285e-03
1.387198321091290865e+01,1.426459717365593941e-03
1.391395592864638253e+01,1.371266942747542466e-03
1.395592864637985819e+01,1.317367516714393555e-03
1.399790136411333208e+01,1.264898503267289148e-03
1.403987408184680241e+01,1.213894876353763513e-03
1.408184679958027630e+01,1.164290696690233832e-03
1.412381951731375018e+01,1.115947243353654231e-03
1.416579223504722052e+01,1.068700186466512271e-03
1.420776495278069440e+01,1.022412648692219836e-03
1.424973767051416829e+01,9.770194743044602684e-04
1.429171038824764395e+01,9.325506066856895137e-04
1.433368310598111783e+01,8.891274081889847559e-04
1.437565582371458817e+01,8.469333436137816513e-04
1.441762854144806205e+01,8.061675450418835827e-04
1.445960125918153594e+01,7.669943987236156569e-04
1.450157397691500627e+01,7.295031814854248311e-04
1.454354669464848016e+01,6.936887296800394028e-04
1.458551941238195582e+01,6.594580614134705823e-04
1.462749213011542970e+01,6.266605410325353084e-04
1.466946484784890359e+01,5.951326517417704224e-04
1.471143756558237392e+01,5.647445441496149604e-04
1.475341028331584781e+01,5.354353027374428742e-04
1.479538300104932169e+01,5.072273141855891806e-04
1.483735571878279202e+01,4.802161949117688517e-04
1.487932843651626591e+01,4.545396826009934221e-04
1.492130115424974157e+01,4.303347477770681209e-04
1.496327387198321546e+01,4.076953128733963182e-04
1.500524658971668934e+01,3.866425509132527636e-04
1.504721930745015968e+01,3.671159607547001867e-04
1.508919202518363356e+01,3.489874083317465463e-04
1.513116474291710745e+01,3.320938151414750371e-04
1.517313746065057778e+01,3.162790025813608913e-04
1.521511017838405166e+01,3.014327869801123401e-04
1.525708289611752733e+01,2.875163851789277916e-04
1.529905561385100121e+01,2.745671954022063264e-04
1.534102833158447510e+01,2.626818819177406195e-04
1.538300104931794543e+01,2.519827418826673195e-04
1.542497376705141932e+01,2.425768828502121151e-04
1.546694648478489498e+01,2.345195614114747992e-04
1.550891920251836353e+01,2.277916863289192629e-04
1.555089192025183920e+01,2.222974216411997004e-04
1.559286463798531308e+01,2.178822249404752619e-04
1.563483735571878697e+01,2.143661016169371553e-04
1.567681007345226085e+01,2.115828671091715013e-04
1.571878279118573118e+01,2.094148298781299718e-04
1.576075550891920507e+01,2.078138328471602664e-04
1.580272822665268073e+01,2.068035109820137870e-04
1.584470094438614929e+01,2.064627915550057348e-04
1.588667366211962495e+01,2.068956370895818177e-04
1.592864637985309884e+01,2.081954735154048595e-04
1.597061909758657272e+01,2.104137923876551715e-04
1.601259181532004661e+01,2.135408882487083561e-04
1.605456453305351872e+01,2.175031185215601007e-04
1.609653725078699082e+01,2.221765119195061159e-04
1.613850996852046649e+01,2.274122764245612165e-04
1.618048268625393504e+01,2.330669012970393425e-04
1.622245540398741070e+01,2.390287971305770569e-04
1.626442812172088637e+01,2.452348529282537856e-04
1.630640083945435848e+01,2.516733919454535785e-04
1.634837355718783414e+01,2.583738392015467967e-04
1.639034627492130269e+01,2.653868936122692475e-04
1.643231899265477836e+01,2.727612111739468725e-04
1.647429171038825046e+01,2.805230420716001345e-04
1.651626442812172257e+01,2.886639333587015630e-04
1.655823714585519468e+01,2.971390025075445487e-04
1.660020986358867034e+01,3.058752136603177314e-04
1.664218258132214601e+01,3.147864260253967141e-04
1.668415529905561812e+01,3.237904328086920586e-04
1.672612801678909022e+01,3.328231092551974402e-04
1.676810073452256233e+01,3.418460502742963155e-04
1.681007345225603800e+01,3.508462389120673569e-04
1.685204616998950655e+01,3.598286675268326084e-04
1.689401888772298221e+01,3.688047458091076969e-04
1.693599160545645788e+01,3.777802714108047786e-04
1.697796432318992998e+01,3.867465220801948717e-04
1.701993704092340565e+01,3.956768090181592384e-04
1.706190975865687420e+01,4.045290399381015886e-04
1.710388247639034986e+01,4.132530375317619684e-04
1.714585519412382553e+01,4.218000653025257636e-04
1.718782791185729408e+01,4.301315619684380849e-04
1.722980062959076974e+01,4.382245431800384618e-04
1.727177334732424185e+01,4.460722928218937341e-04
1.731374606505771752e+01,4.536804445345644660e-04
1.735571878279119318e+01,4.610598942635800619e-04
1.739769150052466173e+01,4.682188079473498742e-04
1.743966421825813740e+01,4.751560946519767562e-04
1.748163693599160950e+01,4.818581275574363408e-04
1.752360965372508161e+01,4.882994359146874659e-04
1.756558237145855372e+01,4.944469028218738491e-04
1.760755508919202939e+01,5.002660397499413729e-04
1.764952780692550149e+01,5.057274296964711993e-04
1.769150052465897716e+01,5.108115357258867333e-04
1.773347324239244571e+01,5.155106821769547387e-04
1.777544596012592137e+01,5.198279134587020659e-04
1.781741867785939704e+01,5.237733367666405626e-04
1.785939139559286559e+01,5.273592004568372496e-04
1.790136411332634125e+01,5.305951869618388307e-04
1.794333683105981336e+01,5.334851824368571716e-04
1.798530954879328903e+01,5.360262311708613100e-04
1.802728226652676469e+01,5.382096861196837426e-04
1.806925498426023324e+01,5.400239451777412393e-04
1.811122770199370891e+01,5.414577894276835588e-04
1.815320041972718101e+01,5.425032963515089316e-04
1.819517313746065312e+01,5.431575627578069925e-04
1.823714585519412523e+01,5.434229252262936941e-04
1.827911857292760089e+01,5.433058514619922789e-04
1.832109129066107656e+01,5.428150435472280924e-04
1.836306400839454867e+01,5.419594466434625099e-04
1.840503672612802077e+01,5.407467750423621466e-04
1.844700944386149288e+01,5.391829077629799400e-04
1.848898216159496855e+01,5.372721737991076893e-04
1.853095487932843710e+01,5.350182584418868752e-04
1.857292759706191276e+01,5.324253046358490976e-04
1.861490031479538843e+01,5.294987911364264352e-04
1.865687303252886053e+01,5.262459172799277421e-04
1.869884575026233620e+01,5.226754431856241645e-04
1.874081846799580475e+01,5.187971386249085222e-04
1.878279118572928041e+01,5.146211129520855557e-04
1.882476390346275252e+01,5.101572999721039206e-04
1.886673662119622463e+01,5.054152686567296195e-04
1.890870933892969674e+01,5.004043740574344156e-04
1.895068205666317240e+01,4.951341184803112212e-04
1.899265477439664807e+01,4.896145173333753351e-04
1.903462749213012017e+01,4.838562823748853662e-04
1.907660020986359228e+01,4.778707342470318040e-04
1.911857292759706439e+01,4.716694910967284687e-04
1.916054564533054005e+01,4.652640919957463711e-04
1.920251836306400861e+01,4.586657541645582504e-04
1.924449108079748427e+01,4.518854119905221702e-04
1.928646379853095993e+01,4.449340612568533962e-04
1.932843651626443204e+01,4.378232829928178720e-04
1.937040923399790771e+01,4.305657098723326233e-04
1.941238195173137626e+01,4.231751757233321253e-04
1.945435466946485192e+01,4.156663751709463125e-04
1.949632738719832759e+01,4.080540343414925200e-04
1.953830010493179614e+01,4.003517968845474065e-04
1.958027282266527180e+01,3.925711868690478297e-04
1.962224554039874391e+01,3.847210549338364290e-04
1.966421825813221957e+01,3.768078141885342460e-04
1.970619097586569168e+01,3.688365447473460177e-04
1.974816369359916379e+01,3.608127548675091182e-04
1.979013641133263590e+01,3.527443264209444151e-04
1.983210912906611156e+01,3.446430361906190781e-04
1.987408184679958012e+01,3.365250931258571311e-04
1.991605456453305578e+01,3.284103701514225421e-04
1.995802728226653144e+01,3.203203798285374064e-04
2.000000000000000000e+01,3.122754400731234917e-04
