"Frequency","Prob.","C","D","E","F"
9192631695,0.081,66.511,72.376,0.07099999999999999,0.105
9192631695.200001,0.079,58.553,63.598,0.065,0.097
9192631695.4,0.078,58.43,63.373,0.06900000000000001,0.097
9192631695.6,0.077,60.337,65.401,0.067,0.094
9192631695.799999,0.076,61.252,66.26000000000001,0.066,0.092
9192631696,0.079,57.546,62.488,0.068,0.103
9192631696.200001,0.075,60.089,64.94799999999999,0.06900000000000001,0.08599999999999999
9192631696.4,0.077,57.746,62.571,0.063,0.096
9192631696.6,0.074,58.879,63.612,0.061,0.08699999999999999
9192631696.799999,0.078,56.841,61.68,0.056,0.099
9192631697,0.076,59.794,64.712,0.065,0.098
9192631697.200001,0.079,54.356,59.009,0.07099999999999999,0.099
9192631697.4,0.075,54.877,59.306,0.067,0.092
9192631697.6,0.077,53.627,58.098,0.066,0.09
9192631697.799999,0.074,51.756,55.885,0.062,0.08799999999999999
9192631698,0.075,55.547,60.04,0.06900000000000001,0.08799999999999999
9192631698.200001,0.075,55.764,60.263,0.061,0.09
9192631698.4,0.077,55.794,60.461,0.068,0.092
9192631698.6,0.081,52.359,56.98,0.067,0.101
9192631698.799999,0.076,49.743,53.854,0.061,0.089
9192631699,0.076,49.631,53.724,0.066,0.08799999999999999
9192631699.200001,0.079,51.355,55.764,0.06900000000000001,0.094
9192631699.4,0.075,55.42,59.897,0.064,0.08500000000000001
9192631699.6,0.079,47.287,51.334,0.067,0.093
9192631699.799999,0.076,53.893,58.323,0.066,0.091
9192631700,0.074,51.482,55.589,0.068,0.091
9192631700.200001,0.077,48.375,52.401,0.058,0.092
9192631700.4,0.079,48.066,52.198,0.07000000000000001,0.097
9192631700.6,0.073,50.795,54.813,0.058,0.08599999999999999
9192631700.799999,0.078,47.875,51.946,0.064,0.096
9192631701,0.076,47.486,51.412,0.057,0.092
9192631701.200001,0.075,51.922,56.118,0.064,0.08799999999999999
9192631701.4,0.074,53.15,57.399,0.063,0.08400000000000001
9192631701.6,0.078,46.402,50.341,0.07000000000000001,0.094
9192631701.799999,0.075,50.983,55.091,0.058,0.089
9192631702,0.075,50.61,54.711,0.063,0.091
9192631702.200001,0.073,46.204,49.834,0.06,0.08
9192631702.4,0.073,50.775,54.774,0.067,0.08599999999999999
9192631702.6,0.075,51.437,55.609,0.064,0.089
9192631702.799999,0.078,51.381,55.702,0.061,0.098
9192631703,0.077,49.762,53.926,0.061,0.08799999999999999
9192631703.200001,0.075,49.424,53.446,0.059,0.091
9192631703.4,0.07199999999999999,48.844,52.658,0.07199999999999999,0.079
9192631703.6,0.07099999999999999,52.746,56.761,0.065,0.077
9192631703.799999,0.078,47.882,51.916,0.063,0.092
9192631704,0.076,51.245,55.447,0.065,0.093
9192631704.200001,0.076,48.403,52.384,0.07000000000000001,0.094
9192631704.4,0.076,45.974,49.75,0.064,0.094
9192631704.6,0.075,44.154,47.731,0.06900000000000001,0.08599999999999999
9192631704.799999,0.078,46.928,50.924,0.064,0.094
9192631705,0.075,51.598,55.81,0.064,0.093
9192631705.200001,0.075,51.372,55.51,0.064,0.08400000000000001
9192631705.4,0.075,49.742,53.76,0.064,0.089
9192631705.6,0.079,50.57,54.888,0.066,0.092
9192631705.799999,0.079,48.481,52.625,0.058,0.097
9192631706,0.078,46.68,50.602,0.07000000000000001,0.095
9192631706.200001,0.077,48.207,52.204,0.063,0.09
9192631706.4,0.077,49.229,53.333,0.064,0.091
9192631706.6,0.076,47.959,51.927,0.076,0.08799999999999999
9192631706.799999,0.073,47.534,51.286,0.056,0.089
9192631707,0.075,49.387,53.371,0.061,0.089
9192631707.200001,0.074,52.598,56.776,0.063,0.08799999999999999
9192631707.4,0.076,50.106,54.247,0.058,0.092
9192631707.6,0.075,56.998,61.635,0.067,0.08500000000000001
9192631707.799999,0.076,55.115,59.648,0.066,0.089
9192631708,0.077,57.747,62.561,0.068,0.08599999999999999
9192631708.200001,0.079,54.792,59.472,0.07199999999999999,0.095
9192631708.4,0.077,55.565,60.191,0.066,0.095
9192631708.6,0.078,52.813,57.256,0.063,0.095
9192631708.799999,0.075,55.32,59.794,0.06,0.093
9192631709,0.077,53.708,58.212,0.074,0.091
9192631709.200001,0.077,59.09,64.038,0.064,0.09
9192631709.4,0.078,56.011,60.768,0.063,0.099
9192631709.6,0.076,58.474,63.284,0.057,0.095
9192631709.799999,0.074,59.142,63.839,0.063,0.09
9192631710,0.076,53.078,57.432,0.064,0.094
9192631710.200001,0.076,55.431,59.969,0.064,0.091
9192631710.4,0.076,61.667,66.715,0.065,0.092
9192631710.6,0.075,60.73,65.676,0.066,0.089
9192631710.799999,0.077,57.492,62.254,0.065,0.094
9192631711,0.076,63.204,68.392,0.073,0.095
9192631711.200001,0.077,64.193,69.53,0.066,0.092
9192631711.4,0.077,60.031,65.041,0.065,0.091
9192631711.6,0.079,62.984,68.392,0.061,0.099
9192631711.799999,0.078,61.248,66.43300000000001,0.065,0.096
9192631712,0.077,63.94,69.27200000000001,0.067,0.093
9192631712.200001,0.073,64.79300000000001,69.91200000000001,0.058,0.092
9192631712.4,0.078,65.473,70.991,0.065,0.094
9192631712.6,0.077,61.948,67.13800000000001,0.066,0.097
9192631712.799999,0.077,62.279,67.45099999999999,0.064,0.092
9192631713,0.077,62.086,67.26600000000001,0.07099999999999999,0.098
9192631713.200001,0.075,66.875,72.315,0.065,0.095
9192631713.4,0.074,63.042,68.089,0.06,0.089
9192631713.6,0.076,64.771,70.081,0.065,0.092
9192631713.799999,0.074,68.13200000000001,73.617,0.062,0.094
9192631714,0.076,67.907,73.49299999999999,0.061,0.094
9192631714.200001,0.076,68.45,74.09999999999999,0.06900000000000001,0.096
9192631714.4,0.074,66.81399999999999,72.16800000000001,0.062,0.093
9192631714.6,0.077,64.358,69.723,0.059,0.099
9192631714.799999,0.075,68.387,73.907,0.063,0.094
9192631715,0.073,64.96599999999999,70.089,0.066,0.09
9192631715.200001,0.075,68.863,74.408,0.064,0.092
9192631715.4,0.074,69.33799999999999,74.884,0.064,0.091
9192631715.6,0.075,71.31100000000001,77.072,0.059,0.095
9192631715.799999,0.074,71.479,77.21299999999999,0.051,0.094
9192631716,0.074,70.041,75.631,0.074,0.096
9192631716.200001,0.075,66.45999999999999,71.857,0.067,0.094
9192631716.4,0.073,72.596,78.312,0.065,0.096
9192631716.6,0.077,67.444,73.053,0.07000000000000001,0.102
9192631716.799999,0.076,72.92100000000001,78.926,0.063,0.097
9192631717,0.07099999999999999,73.502,79.148,0.062,0.09
9192631717.200001,0.075,72.264,78.096,0.068,0.096
9192631717.4,0.075,70.29600000000001,76.018,0.062,0.096
9192631717.6,0.073,69.233,74.648,0.061,0.091
9192631717.799999,0.075,72.486,78.39100000000001,0.067,0.098
9192631718,0.073,69.10899999999999,74.51900000000001,0.061,0.093
9192631718.200001,0.075,71.614,77.43899999999999,0.062,0.1
9192631718.4,0.075,70.999,76.724,0.064,0.095
9192631718.6,0.07099999999999999,68.39700000000001,73.652,0.056,0.08799999999999999
9192631718.799999,0.074,71.129,76.821,0.062,0.097
9192631719,0.075,72.917,78.828,0.065,0.095
9192631719.200001,0.075,71.42,77.215,0.063,0.098
9192631719.4,0.076,69.411,75.128,0.062,0.1
9192631719.6,0.075,72.71899999999999,78.63,0.058,0.099
9192631719.799999,0.076,71.012,76.864,0.061,0.101
9192631720,0.076,71.045,76.869,0.056,0.1
9192631720.200001,0.079,72.01000000000001,78.17100000000001,0.066,0.101
9192631720.4,0.076,73.82899999999999,79.88,0.062,0.096
9192631720.6,0.076,69.614,75.363,0.063,0.098
9192631720.799999,0.078,71.649,77.72,0.063,0.103
9192631721,0.077,71.116,77.068,0.063,0.103
9192631721.200001,0.074,71.15000000000001,76.81999999999999,0.064,0.093
9192631721.4,0.075,69.23099999999999,74.84099999999999,0.07199999999999999,0.104
9192631721.6,0.073,70.563,76.151,0.063,0.09
9192631721.799999,0.077,71.17,77.08199999999999,0.057,0.098
9192631722,0.074,69.80800000000001,75.351,0.06900000000000001,0.092
9192631722.200001,0.076,66.78,72.312,0.066,0.095
9192631722.4,0.077,71.848,77.834,0.064,0.097
9192631722.6,0.077,70.063,75.931,0.064,0.1
9192631722.799999,0.077,68.90900000000001,74.666,0.066,0.098
9192631723,0.077,71.438,77.43000000000001,0.06,0.098
9192631723.200001,0.075,68.062,73.596,0.062,0.095
9192631723.4,0.077,67.23999999999999,72.818,0.06900000000000001,0.098
9192631723.6,0.073,68.291,73.66,0.063,0.08699999999999999
9192631723.799999,0.076,65.58799999999999,71.001,0.064,0.097
9192631724,0.074,66.086,71.39400000000001,0.061,0.092
9192631724.200001,0.078,67.339,73.05500000000001,0.07000000000000001,0.101
9192631724.4,0.08,64.467,70.06399999999999,0.073,0.099
9192631724.6,0.077,64.476,69.845,0.064,0.098
9192631724.799999,0.076,61.03,66.071,0.07000000000000001,0.097
9192631725,0.079,62.372,67.746,0.067,0.099
9192631725.200001,0.078,61.159,66.29900000000001,0.063,0.097
9192631725.4,0.074,64.54000000000001,69.705,0.056,0.08799999999999999
9192631725.6,0.079,57.26,62.161,0.056,0.095
9192631725.799999,0.077,59.4,64.354,0.07000000000000001,0.092
9192631726,0.079,60.344,65.497,0.063,0.099
9192631726.200001,0.075,60.719,65.607,0.067,0.08699999999999999
9192631726.4,0.078,59.411,64.44,0.067,0.096
9192631726.6,0.078,55.42,60.084,0.058,0.093
9192631726.799999,0.08,59.242,64.36199999999999,0.07000000000000001,0.099
9192631727,0.077,63.359,68.663,0.07099999999999999,0.092
9192631727.200001,0.078,58.404,63.331,0.06900000000000001,0.091
9192631727.4,0.078,60.828,65.994,0.07000000000000001,0.095
9192631727.6,0.075,61.301,66.289,0.07199999999999999,0.09
9192631727.799999,0.078,53.792,58.33,0.064,0.093
9192631728,0.076,59.164,63.997,0.062,0.08599999999999999
9192631728.200001,0.077,57.371,62.164,0.062,0.089
9192631728.4,0.079,57.157,62.077,0.07099999999999999,0.099
9192631728.6,0.079,57.34,62.233,0.064,0.095
9192631728.799999,0.079,54.365,59.025,0.068,0.093
9192631729,0.081,56.192,61.147,0.067,0.099
9192631729.200001,0.08,58.092,63.124,0.068,0.1
9192631729.4,0.081,57.151,62.185,0.075,0.099
9192631729.6,0.081,58.13,63.267,0.07000000000000001,0.103
9192631729.799999,0.081,52.123,56.69,0.062,0.097
9192631730,0.078,51.335,55.682,0.07000000000000001,0.094
9192631730.200001,0.081,56.34,61.332,0.074,0.1
9192631730.4,0.08,51.269,55.736,0.073,0.094
9192631730.6,0.083,53.55,58.369,0.07000000000000001,0.102
9192631730.799999,0.081,52.11,56.733,0.07199999999999999,0.095
9192631731,0.081,48.662,52.941,0.067,0.097
9192631731.200001,0.08400000000000001,50.365,54.959,0.07000000000000001,0.102
9192631731.4,0.082,52.983,57.72,0.064,0.099
9192631731.6,0.08,51.804,56.284,0.06900000000000001,0.096
9192631731.799999,0.081,53.923,58.647,0.073,0.095
9192631732,0.082,51.891,56.512,0.06900000000000001,0.097
9192631732.200001,0.082,52.419,57.11,0.077,0.099
9192631732.4,0.083,51.466,56.103,0.07099999999999999,0.102
9192631732.6,0.082,51.64,56.226,0.082,0.101
9192631732.799999,0.082,52.145,56.79,0.076,0.099
9192631733,0.083,53.194,58.008,0.075,0.098
9192631733.200001,0.08500000000000001,47.408,51.806,0.07199999999999999,0.101
9192631733.4,0.081,53.23,57.949,0.077,0.091
9192631733.6,0.083,44.473,48.474,0.051,0.097
9192631733.799999,0.081,44.884,48.865,0.06,0.092
9192631734,0.081,48.459,52.735,0.059,0.097
9192631734.200001,0.082,48.247,52.561,0.06,0.094
9192631734.4,0.083,50.136,54.665,0.065,0.097
9192631734.6,0.083,51.252,55.87,0.065,0.092
9192631734.799999,0.08500000000000001,53.768,58.779,0.07000000000000001,0.101
9192631735,0.08699999999999999,47.405,51.903,0.066,0.105
9192631735.200001,0.08500000000000001,45.586,49.844,0.077,0.103
9192631735.4,0.08599999999999999,49.347,53.966,0.081,0.101
9192631735.6,0.089,51.825,56.918,0.082,0.112
9192631735.799999,0.08500000000000001,50.858,55.594,0.079,0.103
9192631736,0.083,52.892,57.699,0.07000000000000001,0.098
9192631736.200001,0.08599999999999999,52.869,57.839,0.08,0.104
9192631736.4,0.08699999999999999,51.794,56.74,0.074,0.104
9192631736.6,0.08699999999999999,51.96,56.911,0.073,0.102
9192631736.799999,0.08400000000000001,50.348,54.959,0.063,0.101
9192631737,0.08500000000000001,52.111,56.931,0.061,0.098
9192631737.200001,0.08599999999999999,54.128,59.247,0.062,0.098
9192631737.4,0.08599999999999999,51.327,56.173,0.073,0.1
9192631737.6,0.08599999999999999,53.761,58.81,0.067,0.103
9192631737.799999,0.091,58.08,63.904,0.08400000000000001,0.114
9192631738,0.09,60.267,66.215,0.083,0.107
9192631738.200001,0.091,52.557,57.834,0.08799999999999999,0.11
9192631738.4,0.089,52.378,57.524,0.089,0.109
9192631738.6,0.089,59.513,65.325,0.083,0.106
9192631738.799999,0.089,62.1,68.17700000000001,0.08500000000000001,0.104
9192631739,0.08799999999999999,59.462,65.22199999999999,0.082,0.104
9192631739.200001,0.09,53.442,58.698,0.082,0.103
9192631739.4,0.08699999999999999,54.429,59.643,0.074,0.101
9192631739.6,0.08799999999999999,61.695,67.637,0.073,0.11
9192631739.799999,0.089,60.356,66.25700000000001,0.07199999999999999,0.107
9192631740,0.08599999999999999,63.65,69.658,0.068,0.103
9192631740.200001,0.08699999999999999,63.708,69.77,0.08,0.1
9192631740.4,0.08699999999999999,57.413,62.869,0.078,0.103
9192631740.6,0.091,62.727,68.991,0.08500000000000001,0.108
9192631740.799999,0.092,64.2,70.67400000000001,0.08400000000000001,0.11
9192631741,0.094,60.326,66.54900000000001,0.093,0.115
9192631741.200001,0.094,57.645,63.648,0.097,0.113
9192631741.4,0.095,65.32299999999999,72.145,0.093,0.114
9192631741.6,0.094,62.351,68.822,0.097,0.109
9192631741.799999,0.093,65.967,72.748,0.09,0.113
9192631742,0.091,63.556,69.953,0.082,0.112
9192631742.200001,0.08699999999999999,68.241,74.76000000000001,0.07199999999999999,0.107
9192631742.4,0.091,63.433,69.774,0.068,0.111
9192631742.6,0.089,63.279,69.47799999999999,0.067,0.112
9192631742.799999,0.08500000000000001,67.753,74.08499999999999,0.064,0.102
9192631743,0.08400000000000001,64.367,70.245,0.067,0.099
9192631743.200001,0.092,63.487,69.901,0.076,0.112
9192631743.4,0.093,67.10299999999999,74.009,0.08400000000000001,0.113
9192631743.6,0.098,67.14400000000001,74.46299999999999,0.09,0.121
9192631743.799999,0.096,68.011,75.224,0.08699999999999999,0.115
9192631744,0.097,62.994,69.754,0.097,0.117
9192631744.200001,0.097,66.416,73.53,0.102,0.116
9192631744.4,0.098,68.46299999999999,75.90000000000001,0.094,0.119
9192631744.6,0.096,68.015,75.203,0.08799999999999999,0.12
9192631744.799999,0.098,68.361,75.751,0.09,0.122
9192631745,0.089,68.81399999999999,75.533,0.08500000000000001,0.107
9192631745.200001,0.09,64.69,71.122,0.07099999999999999,0.112
9192631745.4,0.08699999999999999,68.675,75.19799999999999,0.067,0.102
9192631745.6,0.09,67.087,73.761,0.07099999999999999,0.114
9192631745.799999,0.08699999999999999,66.616,72.997,0.064,0.105
9192631746,0.092,71.52800000000001,78.818,0.076,0.117
9192631746.200001,0.095,68.602,75.83199999999999,0.075,0.115
9192631746.4,0.101,69.20399999999999,77.006,0.091,0.124
9192631746.6,0.102,69.23099999999999,77.066,0.1,0.127
9192631746.799999,0.104,64.851,72.39100000000001,0.106,0.127
9192631747,0.105,67.77,75.729,0.109,0.124
9192631747.200001,0.109,64.83499999999999,72.78100000000001,0.107,0.142
9192631747.4,0.1,70.76900000000001,78.673,0.1,0.119
9192631747.6,0.1,70.541,78.41200000000001,0.101,0.123
9192631747.799999,0.096,70.732,78.20399999999999,0.083,0.121
9192631748,0.093,70.199,77.402,0.08400000000000001,0.112
9192631748.200001,0.095,67.125,74.14700000000001,0.073,0.123
9192631748.4,0.09,69.31100000000001,76.161,0.067,0.117
9192631748.6,0.092,69.5,76.503,0.073,0.118
9192631748.799999,0.092,66.935,73.709,0.082,0.114
9192631749,0.096,67.67,74.84699999999999,0.08400000000000001,0.115
9192631749.200001,0.102,69.964,77.914,0.08500000000000001,0.124
9192631749.4,0.104,68.15300000000001,76.08199999999999,0.091,0.128
9192631749.6,0.112,66.233,74.601,0.116,0.135
9192631749.799999,0.113,66.631,75.133,0.108,0.139
9192631750,0.113,63.155,71.19799999999999,0.113,0.14
9192631750.200001,0.115,67.56399999999999,76.367,0.122,0.138
9192631750.4,0.105,69.642,77.78400000000001,0.095,0.122
9192631750.6,0.101,67.018,74.58499999999999,0.096,0.124
9192631750.799999,0.099,64.16500000000001,71.17700000000001,0.082,0.117
9192631751,0.095,66.25,73.167,0.07000000000000001,0.127
9192631751.200001,0.089,65.13200000000001,71.52,0.063,0.114
9192631751.4,0.089,67.28400000000001,73.874,0.068,0.113
9192631751.6,0.09,66.227,72.791,0.067,0.108
9192631751.799999,0.101,59.781,66.486,0.079,0.121
9192631752,0.103,67.167,74.876,0.08699999999999999,0.123
9192631752.200001,0.112,60.7,68.328,0.102,0.129
9192631752.4,0.113,58.284,65.688,0.107,0.126
9192631752.6,0.116,57.448,65.015,0.119,0.134
9192631752.799999,0.12,62.333,70.851,0.125,0.141
9192631753,0.121,60.515,68.879,0.109,0.14
9192631753.200001,0.114,63.786,71.964,0.113,0.131
9192631753.4,0.112,56.282,63.415,0.112,0.13
9192631753.6,0.099,60.164,66.792,0.09,0.116
9192631753.799999,0.095,62.832,69.42,0.076,0.115
9192631754,0.089,61.891,67.90900000000001,0.083,0.109
9192631754.200001,0.08699999999999999,58.834,64.43600000000001,0.063,0.101
9192631754.4,0.08599999999999999,57.609,63.005,0.07099999999999999,0.103
9192631754.6,0.091,59.625,65.58199999999999,0.078,0.109
9192631754.799999,0.11,54.812,61.588,0.104,0.123
9192631755,0.117,58.985,66.81100000000001,0.113,0.133
9192631755.200001,0.12,54.428,61.821,0.116,0.136
9192631755.4,0.12,56.516,64.259,0.114,0.138
9192631755.6,0.128,49.022,56.217,0.129,0.146
9192631755.799999,0.127,55.062,63.066,0.126,0.144
9192631756,0.125,52.811,60.385,0.122,0.145
9192631756.200001,0.119,47.98,54.488,0.11,0.131
9192631756.4,0.113,55.774,62.854,0.101,0.13
9192631756.6,0.098,51.5,57.076,0.078,0.11
9192631756.799999,0.092,58.32,64.239,0.07099999999999999,0.105
9192631757,0.08799999999999999,51.27,56.217,0.07099999999999999,0.103
9192631757.200001,0.08599999999999999,51.77,56.655,0.075,0.1
9192631757.4,0.08799999999999999,53.35,58.49,0.077,0.101
9192631757.6,0.096,52.983,58.595,0.08,0.112
9192631757.799999,0.108,54.553,61.184,0.103,0.125
9192631758,0.117,47.053,53.31,0.116,0.135
9192631758.200001,0.128,48.298,55.377,0.125,0.142
9192631758.4,0.132,49.962,57.59,0.135,0.145
9192631758.6,0.136,49.441,57.202,0.137,0.151
9192631758.799999,0.135,49.685,57.43,0.13,0.152
9192631759,0.125,45.58,52.062,0.117,0.141
9192631759.200001,0.112,49.756,56.054,0.1,0.131
9192631759.4,0.1,54.374,60.425,0.08400000000000001,0.111
9192631759.6,0.098,50.985,56.549,0.09,0.111
9192631759.799999,0.091,52.234,57.447,0.07199999999999999,0.103
9192631760,0.083,51.95,56.668,0.067,0.099
9192631760.200001,0.081,46.19,50.271,0.07099999999999999,0.093
9192631760.4,0.093,46.933,51.754,0.078,0.108
9192631760.6,0.11,49.256,55.33,0.097,0.128
9192631760.799999,0.119,47.289,53.649,0.114,0.136
9192631761,0.134,45.034,51.997,0.124,0.151
9192631761.200001,0.138,45.749,53.095,0.134,0.155
9192631761.4,0.138,45.786,53.115,0.134,0.154
9192631761.6,0.138,44.101,51.182,0.132,0.151
9192631761.799999,0.136,46.101,53.365,0.136,0.151
9192631762,0.123,45.883,52.344,0.108,0.139
9192631762.200001,0.102,49.939,55.597,0.08500000000000001,0.116
9192631762.4,0.096,49.552,54.82,0.08400000000000001,0.106
9192631762.6,0.083,45.629,49.736,0.074,0.094
9192631762.799999,0.08500000000000001,48.42,52.922,0.075,0.099
9192631763,0.083,50.565,55.121,0.07099999999999999,0.096
9192631763.200001,0.08699999999999999,53.039,58.089,0.074,0.104
9192631763.4,0.101,49.275,54.804,0.089,0.115
9192631763.6,0.122,49.589,56.461,0.108,0.14
9192631763.799999,0.13,45.822,52.688,0.124,0.144
9192631764,0.142,47.318,55.133,0.129,0.156
9192631764.200001,0.142,41.645,48.523,0.143,0.159
9192631764.4,0.145,44.693,52.263,0.137,0.154
9192631764.6,0.14,47.986,55.806,0.133,0.154
9192631764.799999,0.131,50.975,58.639,0.12,0.147
9192631765,0.12,48.735,55.41,0.106,0.136
9192631765.200001,0.098,51.445,57.043,0.08699999999999999,0.11
9192631765.4,0.08799999999999999,49.523,54.326,0.07099999999999999,0.11
9192631765.6,0.083,51.891,56.576,0.073,0.102
9192631765.799999,0.081,55.368,60.257,0.073,0.098
9192631766,0.08799999999999999,58.027,63.61,0.074,0.101
9192631766.200001,0.102,57.346,63.858,0.096,0.119
9192631766.4,0.104,57.941,64.66200000000001,0.097,0.123
9192631766.6,0.127,57.617,65.98399999999999,0.115,0.142
9192631766.799999,0.139,49.592,57.599,0.137,0.153
9192631767,0.148,56.544,66.355,0.143,0.165
9192631767.200001,0.149,52.755,61.959,0.138,0.169
9192631767.4,0.145,58.318,68.19499999999999,0.136,0.166
9192631767.6,0.134,58.474,67.527,0.125,0.152
9192631767.799999,0.117,56.534,64.051,0.109,0.134
9192631768,0.099,56.963,63.197,0.08400000000000001,0.115
9192631768.200001,0.08599999999999999,56.582,61.903,0.067,0.104
9192631768.4,0.08599999999999999,58.565,64.063,0.075,0.104
9192631768.6,0.08,61.818,67.199,0.068,0.099
9192631768.799999,0.082,60.806,66.261,0.073,0.104
9192631769,0.095,62.176,68.714,0.082,0.114
9192631769.200001,0.11,60.247,67.67400000000001,0.099,0.126
9192631769.4,0.126,58.327,66.73699999999999,0.119,0.14
9192631769.6,0.132,63.155,72.78400000000001,0.126,0.148
9192631769.799999,0.145,52.724,61.648,0.13,0.165
9192631770,0.147,58.915,69.08499999999999,0.134,0.164
9192631770.200001,0.148,62.293,73.127,0.142,0.163
9192631770.4,0.144,62.233,72.693,0.138,0.165
9192631770.6,0.13,64.03100000000001,73.636,0.117,0.145
9192631770.799999,0.108,66.628,74.685,0.104,0.126
9192631771,0.095,64.39400000000001,71.126,0.08500000000000001,0.115
9192631771.200001,0.083,62.685,68.35599999999999,0.07000000000000001,0.109
9192631771.4,0.079,67.172,72.904,0.06900000000000001,0.101
9192631771.6,0.08400000000000001,69.181,75.548,0.076,0.103
9192631771.799999,0.092,68.861,75.875,0.078,0.112
9192631772,0.106,68.074,76.105,0.099,0.126
9192631772.200001,0.128,61.461,70.48699999999999,0.123,0.147
9192631772.4,0.13,66.559,76.492,0.115,0.149
9192631772.6,0.141,61.819,72.003,0.138,0.158
9192631772.799999,0.148,66.758,78.374,0.144,0.169
9192631773,0.146,62.362,73.039,0.135,0.167
9192631773.200001,0.131,69.126,79.517,0.126,0.147
9192631773.4,0.119,66.623,75.601,0.109,0.139
9192631773.6,0.114,64.849,73.181,0.099,0.133
9192631773.799999,0.095,69.441,76.771,0.08400000000000001,0.12
9192631774,0.093,70.72799999999999,78.021,0.08500000000000001,0.116
9192631774.200001,0.081,73.54000000000001,80.023,0.065,0.097
9192631774.4,0.083,71.84999999999999,78.328,0.065,0.106
9192631774.6,0.08500000000000001,70.333,76.842,0.07099999999999999,0.107
9192631774.799999,0.101,70.282,78.164,0.089,0.122
9192631775,0.114,68.852,77.738,0.099,0.138
9192631775.200001,0.13,66.28700000000001,76.20999999999999,0.122,0.147
9192631775.4,0.141,65.35599999999999,76.081,0.135,0.16
9192631775.6,0.142,65.50700000000001,76.386,0.135,0.159
9192631775.799999,0.143,65.38200000000001,76.262,0.14,0.166
9192631776,0.134,63.604,73.411,0.125,0.149
9192631776.200001,0.13,65.458,75.27200000000001,0.129,0.148
9192631776.4,0.11,65.56,73.67400000000001,0.093,0.126
9192631776.6,0.104,67.627,75.48399999999999,0.092,0.123
9192631776.799999,0.092,68.57599999999999,75.502,0.08599999999999999,0.116
9192631777,0.082,67.28100000000001,73.279,0.06900000000000001,0.1
9192631777.200001,0.081,71.36799999999999,77.66500000000001,0.073,0.098
9192631777.4,0.08400000000000001,70.712,77.215,0.07199999999999999,0.104
9192631777.6,0.091,63.965,70.378,0.08,0.113
9192631777.799999,0.106,66.313,74.188,0.093,0.122
9192631778,0.115,63.012,71.212,0.101,0.135
9192631778.200001,0.132,65.48099999999999,75.42400000000001,0.119,0.145
9192631778.4,0.14,60.418,70.26000000000001,0.134,0.159
9192631778.6,0.14,62.279,72.444,0.139,0.161
9192631778.799999,0.138,63.342,73.523,0.132,0.161
9192631779,0.129,67.24299999999999,77.17,0.127,0.149
9192631779.200001,0.121,62.097,70.67,0.112,0.136
9192631779.4,0.111,62.818,70.663,0.1,0.129
9192631779.6,0.098,65.49299999999999,72.621,0.092,0.115
9192631779.799999,0.08599999999999999,66.256,72.495,0.077,0.107
9192631780,0.083,62.265,67.91800000000001,0.066,0.102
9192631780.200001,0.08699999999999999,65.624,71.858,0.07199999999999999,0.107
9192631780.4,0.095,61.278,67.738,0.07199999999999999,0.112
9192631780.6,0.1,60.032,66.678,0.075,0.116
9192631780.799999,0.115,60.294,68.101,0.107,0.13
9192631781,0.125,57.315,65.482,0.118,0.139
9192631781.200001,0.133,61.534,70.97,0.133,0.15
9192631781.4,0.135,55.979,64.74299999999999,0.134,0.154
9192631781.6,0.128,59.339,68.08199999999999,0.127,0.144
9192631781.799999,0.126,60.455,69.206,0.125,0.143
9192631782,0.115,61.33,69.274,0.111,0.13
9192631782.200001,0.105,59.852,66.861,0.096,0.121
9192631782.4,0.092,61.456,67.64700000000001,0.079,0.11
9192631782.6,0.08599999999999999,61.204,66.98,0.075,0.1
9192631782.799999,0.089,57.108,62.667,0.061,0.106
9192631783,0.08400000000000001,58.581,63.956,0.058,0.096
9192631783.200001,0.093,59.315,65.419,0.074,0.109
9192631783.4,0.105,53.57,59.855,0.08500000000000001,0.119
9192631783.6,0.115,57.99,65.48999999999999,0.107,0.13
9192631783.799999,0.121,55.763,63.424,0.123,0.134
9192631784,0.126,55.365,63.346,0.121,0.143
9192631784.200001,0.127,55.098,63.128,0.127,0.145
9192631784.4,0.128,52.466,60.194,0.122,0.142
9192631784.6,0.122,53.654,61.077,0.121,0.138
9192631784.799999,0.118,50.667,57.423,0.109,0.136
9192631785,0.112,54.716,61.628,0.108,0.13
9192631785.200001,0.099,55.127,61.158,0.074,0.112
9192631785.4,0.093,56.709,62.534,0.082,0.11
9192631785.6,0.089,54.379,59.688,0.07000000000000001,0.103
9192631785.799999,0.08500000000000001,57.927,63.333,0.077,0.097
9192631786,0.08599999999999999,54.162,59.26,0.074,0.097
9192631786.200001,0.093,48.076,53.024,0.068,0.113
9192631786.4,0.111,48.393,54.445,0.106,0.128
9192631786.6,0.11,47.157,52.996,0.095,0.121
9192631786.799999,0.116,49.701,56.217,0.112,0.13
9192631787,0.121,52.918,60.199,0.119,0.138
9192631787.200001,0.119,51.446,58.377,0.123,0.133
9192631787.4,0.119,50.276,57.061,0.115,0.136
9192631787.6,0.113,48.502,54.675,0.119,0.128
9192631787.799999,0.104,48.779,54.46,0.102,0.117
9192631788,0.099,50.151,55.677,0.08599999999999999,0.114
9192631788.200001,0.097,50.422,55.81,0.083,0.117
9192631788.4,0.08699999999999999,51.147,56.005,0.066,0.1
9192631788.6,0.08799999999999999,52.263,57.313,0.068,0.101
9192631788.799999,0.092,50.208,55.285,0.065,0.107
9192631789,0.094,50.654,55.935,0.08599999999999999,0.106
9192631789.200001,0.098,45.225,50.142,0.08599999999999999,0.109
9192631789.4,0.105,45.785,51.155,0.098,0.115
9192631789.6,0.11,46.196,51.884,0.102,0.126
9192631789.799999,0.114,49.549,55.929,0.112,0.132
9192631790,0.113,47.921,54.015,0.119,0.128
9192631790.200001,0.114,47.427,53.543,0.106,0.138
9192631790.4,0.109,49.186,55.217,0.097,0.127
9192631790.6,0.102,48.503,53.991,0.099,0.112
9192631790.799999,0.101,49.317,54.888,0.097,0.114
9192631791,0.09,49.269,54.151,0.07199999999999999,0.106
9192631791.200001,0.091,46.664,51.325,0.063,0.101
9192631791.4,0.092,45.228,49.816,0.06900000000000001,0.107
9192631791.6,0.089,46.773,51.37,0.07000000000000001,0.1
9192631791.799999,0.093,50.641,55.804,0.074,0.103
9192631792,0.101,46.17,51.336,0.076,0.117
9192631792.200001,0.097,50.946,56.397,0.083,0.106
9192631792.4,0.1,46.229,51.341,0.091,0.114
9192631792.6,0.105,50.646,56.558,0.104,0.116
9192631792.799999,0.106,49.221,55.072,0.105,0.123
9192631793,0.107,45.36,50.777,0.109,0.125
9192631793.200001,0.101,53.029,58.983,0.099,0.116
9192631793.4,0.1,52.32,58.155,0.098,0.112
9192631793.6,0.098,53.204,58.971,0.08599999999999999,0.111
9192631793.799999,0.093,50.05,55.182,0.081,0.108
9192631794,0.09,47.894,52.654,0.07199999999999999,0.106
9192631794.200001,0.091,56.852,62.515,0.076,0.105
9192631794.4,0.092,52.865,58.23,0.07099999999999999,0.109
9192631794.6,0.091,52.862,58.164,0.07099999999999999,0.104
9192631794.799999,0.093,58.543,64.557,0.08,0.109
9192631795,0.096,49.701,55.007,0.08400000000000001,0.111
9192631795.200001,0.096,54.632,60.444,0.091,0.112
9192631795.4,0.098,60.877,67.482,0.091,0.115
9192631795.6,0.1,61.122,67.899,0.101,0.116
9192631795.799999,0.099,58.155,64.54600000000001,0.108,0.112
9192631796,0.095,58.45,64.617,0.099,0.108
9192631796.200001,0.098,60.98,67.626,0.099,0.118
9192631796.4,0.094,62.079,68.54900000000001,0.08699999999999999,0.108
9192631796.6,0.091,64.206,70.608,0.082,0.108
9192631796.799999,0.091,59.514,65.44499999999999,0.07000000000000001,0.107
9192631797,0.091,62.685,68.92700000000001,0.06900000000000001,0.114
9192631797.200001,0.08799999999999999,66.312,72.74299999999999,0.065,0.107
9192631797.4,0.08699999999999999,65.61,71.878,0.076,0.103
9192631797.6,0.091,62.038,68.25,0.067,0.107
9192631797.799999,0.09,61.462,67.55500000000001,0.081,0.108
9192631798,0.09,61.623,67.72,0.075,0.112
9192631798.200001,0.093,61.018,67.31,0.08599999999999999,0.116
9192631798.4,0.094,65.125,71.848,0.089,0.112
9192631798.6,0.094,64.267,70.959,0.092,0.116
9192631798.799999,0.091,66.095,72.75,0.089,0.11
9192631799,0.092,64.256,70.746,0.095,0.113
9192631799.200001,0.091,68.485,75.345,0.09,0.11
9192631799.4,0.09,64.962,71.38800000000001,0.08,0.112
9192631799.6,0.091,69.42100000000001,76.349,0.07000000000000001,0.113
9192631799.799999,0.08699999999999999,69.322,75.907,0.07099999999999999,0.109
9192631800,0.09,64.61499999999999,70.985,0.061,0.113
9192631800.200001,0.08699999999999999,68.66800000000001,75.232,0.067,0.113
9192631800.4,0.08400000000000001,71.209,77.764,0.066,0.108
9192631800.6,0.08400000000000001,68.68899999999999,74.974,0.07000000000000001,0.102
9192631800.799999,0.08599999999999999,67.982,74.393,0.074,0.107
9192631801,0.08799999999999999,67.56999999999999,74.06999999999999,0.075,0.111
9192631801.200001,0.08599999999999999,69.38500000000001,75.93000000000001,0.092,0.106
9192631801.4,0.089,68.10899999999999,74.73099999999999,0.079,0.108
9192631801.6,0.08799999999999999,67.006,73.50700000000001,0.089,0.11
9192631801.799999,0.08500000000000001,67.593,73.871,0.08599999999999999,0.102
9192631802,0.08799999999999999,71.426,78.36,0.082,0.111
9192631802.200001,0.08699999999999999,69.67100000000001,76.31,0.076,0.107
9192631802.4,0.08400000000000001,67.407,73.60299999999999,0.065,0.104
9192631802.6,0.08500000000000001,67.578,73.879,0.074,0.107
9192631802.799999,0.08400000000000001,70.432,76.849,0.06900000000000001,0.104
9192631803,0.08699999999999999,69.95999999999999,76.624,0.073,0.114
9192631803.200001,0.08599999999999999,65.836,72.02200000000001,0.062,0.109
9192631803.4,0.083,68.205,74.41800000000001,0.06900000000000001,0.105
9192631803.6,0.08599999999999999,73.652,80.608,0.067,0.109
9192631803.799999,0.08400000000000001,70.755,77.23099999999999,0.076,0.102
9192631804,0.081,68.536,74.607,0.067,0.103
9192631804.200001,0.08400000000000001,67.97199999999999,74.196,0.081,0.108
9192631804.4,0.083,68.137,74.315,0.078,0.104
9192631804.6,0.08500000000000001,66.57599999999999,72.721,0.077,0.107
9192631804.799999,0.083,71.069,77.48999999999999,0.074,0.103
9192631805,0.082,69.438,75.651,0.074,0.104
9192631805.200001,0.082,71.465,77.82599999999999,0.073,0.106
9192631805.4,0.083,68.505,74.68600000000001,0.07000000000000001,0.103
9192631805.6,0.081,71.255,77.503,0.063,0.101
9192631805.799999,0.081,71.399,77.676,0.066,0.1
9192631806,0.08,70.447,76.595,0.068,0.099
9192631806.200001,0.08,71.726,77.971,0.066,0.1
9192631806.4,0.08400000000000001,65.163,71.101,0.074,0.104
9192631806.6,0.082,67.447,73.437,0.068,0.101
9192631806.799999,0.082,66.19199999999999,72.095,0.074,0.099
9192631807,0.081,67.876,73.845,0.077,0.098
9192631807.200001,0.081,67.53100000000001,73.514,0.073,0.106
9192631807.4,0.081,68.43300000000001,74.503,0.075,0.105
9192631807.6,0.08,68.51900000000001,74.48699999999999,0.07199999999999999,0.099
9192631807.799999,0.079,68.491,74.337,0.068,0.097
9192631808,0.082,63.486,69.126,0.07199999999999999,0.103
9192631808.200001,0.083,63.675,69.465,0.07099999999999999,0.107
9192631808.4,0.078,66.613,72.23099999999999,0.067,0.097
9192631808.6,0.079,63.354,68.81999999999999,0.063,0.095
9192631808.799999,0.082,65.11,70.937,0.067,0.102
9192631809,0.081,64.59699999999999,70.255,0.062,0.098
9192631809.200001,0.082,61.783,67.32599999999999,0.067,0.101
9192631809.4,0.082,64.839,70.621,0.07099999999999999,0.102
9192631809.6,0.079,61.892,67.23,0.066,0.096
9192631809.799999,0.079,63.567,69.033,0.068,0.093
9192631810,0.08,61.352,66.685,0.077,0.098
9192631810.200001,0.081,63.414,68.988,0.08,0.102
9192631810.4,0.081,60.166,65.453,0.077,0.103
9192631810.6,0.08,63.166,68.676,0.074,0.099
9192631810.799999,0.08,59.408,64.59399999999999,0.06900000000000001,0.099
9192631811,0.08,63.695,69.22799999999999,0.068,0.097
9192631811.200001,0.08,63.614,69.15300000000001,0.07000000000000001,0.097
9192631811.4,0.079,60.473,65.694,0.07000000000000001,0.095
9192631811.6,0.078,62.431,67.718,0.066,0.094
9192631811.799999,0.079,55.139,59.863,0.07000000000000001,0.095
9192631812,0.079,56.634,61.47,0.062,0.094
9192631812.200001,0.083,58.342,63.589,0.073,0.103
9192631812.4,0.081,55.946,60.861,0.07099999999999999,0.099
9192631812.6,0.078,61.546,66.762,0.061,0.092
9192631812.799999,0.081,58.316,63.483,0.074,0.101
9192631813,0.078,56.449,61.247,0.067,0.093
9192631813.200001,0.079,59.558,64.64700000000001,0.07000000000000001,0.095
9192631813.4,0.077,53.577,58.042,0.07099999999999999,0.093
9192631813.6,0.078,59.532,64.56100000000001,0.07000000000000001,0.093
9192631813.799999,0.08,59.691,64.913,0.064,0.097
9192631814,0.08,56.547,61.482,0.065,0.098
9192631814.200001,0.077,49.981,54.144,0.063,0.091
9192631814.4,0.08,54.979,59.735,0.062,0.097
9192631814.6,0.08,55.89,60.759,0.062,0.1
9192631814.799999,0.076,50.198,54.332,0.061,0.089
9192631815,0.08,50.268,54.624,0.058,0.094
9192631815.200001,0.073,51.626,55.701,0.067,0.083
9192631815.4,0.079,51.403,55.787,0.063,0.098
9192631815.6,0.079,49.954,54.237,0.062,0.094
9192631815.799999,0.077,49.119,53.227,0.064,0.089
9192631816,0.076,53.891,58.31,0.06,0.091
9192631816.200001,0.08,50.862,55.31,0.068,0.1
9192631816.4,0.078,48.404,52.493,0.06900000000000001,0.097
9192631816.6,0.076,53.499,57.903,0.067,0.089
9192631816.799999,0.073,50.39,54.354,0.06900000000000001,0.08400000000000001
9192631817,0.076,48.067,52.012,0.065,0.08599999999999999
9192631817.200001,0.078,54.108,58.686,0.068,0.097
9192631817.4,0.08,47.705,51.843,0.057,0.098
9192631817.6,0.075,48.637,52.59,0.067,0.089
9192631817.799999,0.077,53.695,58.143,0.064,0.091
9192631818,0.078,49.453,53.65,0.064,0.091
9192631818.200001,0.079,50.643,55.009,0.064,0.097
9192631818.4,0.077,50.036,54.182,0.07199999999999999,0.09
9192631818.6,0.08,45.255,49.206,0.068,0.091
9192631818.799999,0.078,50.905,55.206,0.067,0.095
9192631819,0.075,50.233,54.284,0.065,0.08599999999999999
9192631819.200001,0.074,50.303,54.325,0.074,0.083
9192631819.4,0.078,50.027,54.261,0.06900000000000001,0.089
9192631819.6,0.079,44.743,48.556,0.068,0.092
9192631819.799999,0.074,44.469,48.007,0.06,0.08400000000000001
9192631820,0.078,47.063,51.038,0.07199999999999999,0.09
9192631820.200001,0.078,48.252,52.338,0.06,0.092
9192631820.4,0.074,52.212,56.375,0.06900000000000001,0.08400000000000001
9192631820.6,0.077,49.687,53.842,0.064,0.09
9192631820.799999,0.077,50.606,54.837,0.054,0.092
9192631821,0.077,51.967,56.281,0.066,0.09
9192631821.200001,0.077,54.394,58.9,0.064,0.089
9192631821.4,0.077,52.28,56.652,0.063,0.096
9192631821.6,0.077,50.957,55.182,0.058,0.089
9192631821.799999,0.081,51.367,55.898,0.063,0.097
9192631822,0.077,50.931,55.175,0.058,0.091
9192631822.200001,0.077,56.083,60.777,0.056,0.091
9192631822.4,0.076,57.078,61.788,0.06900000000000001,0.092
9192631822.6,0.079,54.375,59.045,0.07000000000000001,0.097
9192631822.799999,0.077,57.278,62.026,0.06900000000000001,0.089
9192631823,0.08,53.032,57.648,0.064,0.097
9192631823.200001,0.077,55.876,60.562,0.07099999999999999,0.094
9192631823.4,0.076,52.796,57.118,0.067,0.094
9192631823.6,0.075,55.51,60.009,0.065,0.094
9192631823.799999,0.077,60.185,65.172,0.067,0.093
9192631824,0.077,56.319,61.045,0.07099999999999999,0.09
9192631824.200001,0.077,60.617,65.684,0.06,0.096
9192631824.4,0.075,62.638,67.70699999999999,0.065,0.091
9192631824.6,0.073,57.561,62.093,0.073,0.08599999999999999
9192631824.799999,0.077,58.721,63.591,0.068,0.09
9192631825,0.077,59.371,64.29900000000001,0.068,0.092
9192631825.200001,0.077,62.178,67.40000000000001,0.062,0.094
9192631825.4,0.078,61.362,66.53100000000001,0.067,0.099
9192631825.6,0.077,65.342,70.764,0.06900000000000001,0.094
9192631825.799999,0.076,63.077,68.244,0.063,0.095
9192631826,0.079,62.575,67.937,0.06,0.095
9192631826.200001,0.077,64.95,70.372,0.056,0.093
9192631826.4,0.075,62.905,68.03400000000001,0.068,0.093
9192631826.6,0.077,61.168,66.242,0.063,0.095
9192631826.799999,0.077,60.704,65.738,0.06900000000000001,0.091
9192631827,0.078,66.423,72.015,0.062,0.096
9192631827.200001,0.081,60.714,66.057,0.059,0.105
9192631827.4,0.077,68.19,73.84,0.066,0.097
9192631827.6,0.079,63.767,69.209,0.06900000000000001,0.101
9192631827.799999,0.077,65.554,71.014,0.064,0.1
9192631828,0.077,61.868,67.014,0.063,0.101
9192631828.200001,0.078,69.735,75.649,0.065,0.103
9192631828.4,0.073,71.672,77.324,0.066,0.092
9192631828.6,0.076,66.676,72.121,0.059,0.097
9192631828.799999,0.075,69.627,75.31,0.061,0.092
9192631829,0.075,72.759,78.64100000000001,0.066,0.095
9192631829.200001,0.073,72.889,78.65000000000001,0.06,0.091
9192631829.4,0.074,70.477,76.075,0.064,0.094
9192631829.6,0.074,68.44,73.901,0.063,0.092
9192631829.799999,0.076,67.29600000000001,72.79600000000001,0.065,0.093
9192631830,0.078,70.416,76.371,0.063,0.104
9192631830.200001,0.07199999999999999,70.587,76.096,0.064,0.09
9192631830.4,0.075,67.453,72.90600000000001,0.058,0.098
9192631830.6,0.077,71.754,77.758,0.062,0.103
9192631830.799999,0.076,71.58,77.504,0.062,0.099
9192631831,0.076,74.178,80.301,0.063,0.097
9192631831.200001,0.073,73.752,79.554,0.061,0.092
9192631831.4,0.075,71.06699999999999,76.84999999999999,0.061,0.096
9192631831.6,0.075,69.05800000000001,74.627,0.06,0.097
9192631831.799999,0.077,72.575,78.661,0.06900000000000001,0.106
9192631832,0.077,73.489,79.592,0.063,0.101
9192631832.200001,0.075,71.989,77.818,0.058,0.093
9192631832.4,0.077,69.636,75.44799999999999,0.07199999999999999,0.103
9192631832.6,0.074,71.886,77.631,0.064,0.098
9192631832.799999,0.076,72.509,78.432,0.065,0.094
9192631833,0.076,72.199,78.11199999999999,0.07199999999999999,0.097
9192631833.200001,0.076,73.798,79.901,0.065,0.099
9192631833.4,0.079,64.99299999999999,70.589,0.059,0.106
9192631833.6,0.076,70.699,76.506,0.064,0.099
9192631833.799999,0.076,67.122,72.643,0.062,0.097
9192631834,0.077,68.229,73.91800000000001,0.07000000000000001,0.097
9192631834.200001,0.076,67.511,73.096,0.061,0.097
9192631834.4,0.077,71.699,77.69499999999999,0.06900000000000001,0.1
9192631834.6,0.074,67.84699999999999,73.304,0.068,0.096
9192631834.799999,0.079,64.68000000000001,70.223,0.064,0.102
9192631835,0.077,65.377,70.79900000000001,0.059,0.097
9192631835.200001,0.077,68.63200000000001,74.395,0.063,0.101
9192631835.4,0.075,67.271,72.73999999999999,0.061,0.095
9192631835.6,0.077,64.072,69.40600000000001,0.068,0.098
9192631835.799999,0.079,68.21599999999999,74.04000000000001,0.074,0.104
9192631836,0.077,69.033,74.756,0.063,0.094
9192631836.200001,0.077,65.616,71.08199999999999,0.061,0.094
9192631836.4,0.078,66.342,71.962,0.064,0.101
9192631836.6,0.077,68.31,73.971,0.062,0.093
9192631836.799999,0.077,66.464,71.988,0.058,0.096
9192631837,0.078,63.204,68.547,0.064,0.095
9192631837.200001,0.075,61.192,66.18600000000001,0.06900000000000001,0.094
9192631837.4,0.077,63.527,68.855,0.063,0.098
9192631837.6,0.075,62.398,67.46599999999999,0.065,0.093
9192631837.799999,0.076,62.068,67.17400000000001,0.063,0.092
9192631838,0.076,60.124,65.066,0.059,0.091
9192631838.200001,0.077,63.981,69.306,0.064,0.095
9192631838.4,0.074,58.902,63.598,0.07000000000000001,0.08699999999999999
9192631838.6,0.076,57.286,62.028,0.06,0.091
9192631838.799999,0.076,64.29300000000001,69.547,0.06900000000000001,0.092
9192631839,0.074,58.897,63.632,0.061,0.091
9192631839.200001,0.077,56.255,60.964,0.06,0.096
9192631839.4,0.079,56.809,61.692,0.067,0.096
9192631839.6,0.075,59.956,64.837,0.063,0.092
9192631839.799999,0.074,58.093,62.766,0.066,0.08500000000000001
9192631840,0.078,55.253,59.899,0.062,0.091
9192631840.200001,0.077,53.427,57.885,0.064,0.089
9192631840.4,0.076,58.246,63.051,0.073,0.092
9192631840.6,0.075,56.526,61.122,0.065,0.089
9192631840.799999,0.077,57.501,62.269,0.06,0.091
9192631841,0.078,52.903,57.37,0.064,0.094
9192631841.200001,0.076,55.568,60.126,0.058,0.089
9192631841.4,0.079,57.283,62.2,0.061,0.1
9192631841.6,0.075,56.468,61.071,0.064,0.09
9192631841.799999,0.075,55.821,60.36,0.067,0.097
9192631842,0.073,53.129,57.304,0.066,0.08
9192631842.200001,0.075,50.572,54.662,0.063,0.08500000000000001
9192631842.4,0.076,49.798,53.913,0.063,0.08799999999999999
9192631842.6,0.076,55.527,60.083,0.064,0.089
9192631842.799999,0.077,49.644,53.8,0.064,0.091
9192631843,0.076,49.561,53.62,0.068,0.09
9192631843.200001,0.075,49.359,53.377,0.067,0.08699999999999999
9192631843.4,0.075,48.162,52.057,0.064,0.08599999999999999
9192631843.6,0.077,48.891,52.96,0.066,0.091
9192631843.799999,0.076,49.337,53.377,0.07099999999999999,0.089
9192631844,0.077,54.081,58.606,0.07000000000000001,0.091
9192631844.200001,0.076,47.179,51.055,0.058,0.089
9192631844.4,0.079,46.721,50.705,0.061,0.096
9192631844.6,0.076,51.137,55.318,0.068,0.09
9192631844.799999,0.076,51.339,55.553,0.065,0.09
9192631845,0.075,47.053,50.87,0.066,0.08799999999999999
