Detuning_Normalizado,P2_Curva_A,P2_Curva_B
-2.000000000000000000e+01,3.331025367227098384e-04,4.518781354047698745e-04
-1.993700787401574814e+01,3.480817119692079038e-04,4.836808635101194241e-04
-1.987401574803149629e+01,3.632092427879938905e-04,5.012910756275502921e-04
-1.981102362204724443e+01,3.783904379905246411e-04,5.065015816696749043e-04
-1.974803149606299257e+01,3.935165824994415356e-04,5.080430324559968890e-04
-1.968503937007874072e+01,4.085003664434442823e-04,5.176791408906765684e-04
-1.962204724409448886e+01,4.232957848425753346e-04,5.442089140341721532e-04
-1.955905511811023700e+01,4.378924449224497412e-04,5.883834132365735889e-04
-1.949606299212598515e+01,4.522898270938263492e-04,6.415714349386981898e-04
-1.943307086614173329e+01,4.664682222409759411e-04,6.892830400926656855e-04
-1.937007874015748143e+01,4.803734989235919242e-04,7.181641905740433936e-04
-1.930708661417322958e+01,4.939231196558953882e-04,7.230838529609403924e-04
-1.924409448818897417e+01,5.070275896902685757e-04,7.105658672797317797e-04
-1.918110236220472586e+01,5.196130476527436627e-04,6.964163555899520637e-04
-1.911811023622047401e+01,5.316316834514769104e-04,6.982808607675234638e-04
-1.905511811023622215e+01,5.430555961083428874e-04,7.266049367717106015e-04
-1.899212598425196674e+01,5.538603127683179583e-04,7.785986104244041950e-04
-1.892913385826771844e+01,5.640097341980195196e-04,8.385932498268811866e-04
-1.886614173228346658e+01,5.734518067389671831e-04,8.850909363911568318e-04
-1.880314960629921117e+01,5.821261473743714714e-04,9.013331014253387610e-04
-1.874015748031495932e+01,5.899769305111438088e-04,8.841588367149505944e-04
-1.867716535433071101e+01,5.969617092038358684e-04,8.464613430767091440e-04
-1.861417322834645560e+01,6.030506997668697152e-04,8.115712503263839426e-04
-1.855118110236220375e+01,6.082182260048391888e-04,8.019728738577315899e-04
-1.848818897637795189e+01,6.124333825595671505e-04,8.278269771239079753e-04
-1.842519685039370003e+01,6.156570504285453771e-04,8.811737082802497322e-04
-1.836220472440944818e+01,6.178475418221402501e-04,9.390688856146888310e-04
-1.829921259842519632e+01,6.189710416026724315e-04,9.744727865447664825e-04
-1.823622047244094446e+01,6.190098921640108630e-04,9.696772182513921715e-04
-1.817322834645669261e+01,6.179635097150221624e-04,9.255340248694828758e-04
-1.811023622047244075e+01,6.158417258389085099e-04,8.616329419405693597e-04
-1.804724409448818889e+01,6.126549512640960512e-04,8.070300885659031226e-04
-1.798425196850393704e+01,6.084067698841425778e-04,7.859433323660863606e-04
-1.792125984251968518e+01,6.030921305236312422e-04,8.055318882589681791e-04
-1.785826771653543332e+01,5.967005783937093678e-04,8.520035393381423378e-04
-1.779527559055118147e+01,5.892218816704190886e-04,8.971928039959696250e-04
-1.773228346456692961e+01,5.806520732546218474e-04,9.124600198905197072e-04
-1.766929133858267775e+01,5.709998539787827483e-04,8.829783394759787695e-04
-1.760629921259842590e+01,5.602938384124966659e-04,8.151844764727135453e-04
-1.754330708661417404e+01,5.485889924075539482e-04,7.335786807979146002e-04
-1.748031496062992218e+01,5.359674511061281871e-04,6.684612835844112389e-04
-1.741732283464567033e+01,5.225283331978281291e-04,6.408193003997166492e-04
-1.735433070866141847e+01,5.083657797686087212e-04,6.520300426369743038e-04
-1.729133858267716661e+01,4.935429666930071357e-04,6.835618799889083040e-04
-1.722834645669291476e+01,4.780768654881555036e-04,7.067053649507375624e-04
-1.716535433070865935e+01,4.619477039860941784e-04,6.972329500833596367e-04
-1.710236220472441104e+01,4.451359425016216016e-04,6.474301857364246670e-04
-1.703937007874015919e+01,4.276726590294476936e-04,5.694252040512144328e-04
-1.697637795275590733e+01,4.096766194780199189e-04,4.883535634359786100e-04
-1.691338582677165192e+01,3.913527711907082199e-04,4.291807997998795714e-04
-1.685039370078740006e+01,3.729449148208294944e-04,4.041819277800599028e-04
-1.678740157480315176e+01,3.546617418230943648e-04,4.075120263448884128e-04
-1.672440944881889635e+01,3.366149045275815244e-04,4.193723237387650122e-04
-1.666141732283464449e+01,3.188066508986645941e-04,4.171466633147654398e-04
-1.659842519685039264e+01,3.011801714661638718e-04,3.873198617660503478e-04
-1.653543307086614433e+01,2.837100368653952369e-04,3.318571970185942195e-04
-1.647244094488188892e+01,2.664837501041613234e-04,2.659891266766321871e-04
-1.640944881889763707e+01,2.497260416122644433e-04,2.091254627191860207e-04
-1.634645669291338521e+01,2.337477177656520594e-04,1.742552138714978545e-04
-1.628346456692913335e+01,2.188448931972570904e-04,1.617132734981027069e-04
-1.622047244094488150e+01,2.052061965590792209e-04,1.604348992269546059e-04
-1.615748031496062964e+01,1.928841369338779653e-04,1.554418339016981870e-04
-1.609448818897637778e+01,1.818503833532156559e-04,1.368478390505895319e-04
-1.603149606299212593e+01,1.721034010143107358e-04,1.050821956844015385e-04
-1.596850393700787407e+01,1.637620354478927986e-04,6.955133159192825759e-05
-1.590551181102362044e+01,1.570836963172374311e-04,4.201422374227323838e-05
-1.584251968503937036e+01,1.523906238774218878e-04,2.908225521545100700e-05
-1.577952755905511850e+01,1.499466246489881104e-04,2.859731677767567222e-05
-1.571653543307086665e+01,1.498627016238791496e-04,3.202552318656313660e-05
-1.565354330708661301e+01,1.520978253556192622e-04,3.107458181924896922e-05
-1.559055118110236293e+01,1.565643037859540615e-04,2.397546311377868306e-05
-1.552755905511811108e+01,1.632786344751306011e-04,1.705220204835434755e-05
-1.546456692913385744e+01,1.724618635063576190e-04,2.030180978264893679e-05
-1.540157480314960559e+01,1.845154427753742041e-04,3.981018355820955287e-05
-1.533858267716535551e+01,1.998711350178657684e-04,7.227686472258063315e-05
-1.527559055118110365e+01,2.187950851164687861e-04,1.059535198439962798e-04
-1.521259842519685002e+01,2.412653512033093560e-04,1.282611899450714554e-04
-1.514960629921259816e+01,2.670096140220103924e-04,1.356372866774490618e-04
-1.508661417322834453e+01,2.956988265100817838e-04,1.388690812591854035e-04
-1.502362204724409445e+01,3.271947292943219255e-04,1.591564427550879693e-04
-1.496062992125984259e+01,3.617050236028069720e-04,2.156966582564822570e-04
-1.489763779527559073e+01,3.997420248605219211e-04,3.115528292484918559e-04
-1.483464566929134065e+01,4.418905331431575642e-04,4.270856465871633221e-04
-1.477165354330708702e+01,4.885066514390904845e-04,5.270784293791135880e-04
-1.470866141732283339e+01,5.395208790972574843e-04,5.799426097428403773e-04
-1.464566929133858153e+01,5.944696330294069186e-04,5.792238911661879569e-04
-1.458267716535432967e+01,6.527519215222455816e-04,5.541464628493601198e-04
-1.451968503937007959e+01,7.139738751267150343e-04,5.601455129540882337e-04
-1.445669291338582774e+01,7.781835143060333079e-04,6.509818144575409268e-04
-1.439370078740157410e+01,8.458521255236680844e-04,8.456826178405597990e-04
-1.433070866141732225e+01,9.176009382287196202e-04,1.109284985419870147e-03
-1.426771653543306861e+01,9.938219310488905292e-04,1.361690669043705889e-03
-1.420472440944881853e+01,1.074410322643287339e-03,1.514896999698718506e-03
-1.414173228346456668e+01,1.158769046541202781e-03,1.522198941181901076e-03
-1.407874015748031482e+01,1.246091175937577610e-03,1.413028774817964763e-03
-1.401574803149606474e+01,1.335762952687417123e-03,1.290794529435953250e-03
-1.395275590551181111e+01,1.427654509517271896e-03,1.288428457940517637e-03
-1.388976377952755925e+01,1.522125228133647864e-03,1.499532224679197157e-03
-1.382677165354330562e+01,1.619734375695099657e-03,1.919684634011279518e-03
-1.376377952755905376e+01,1.720820851748708965e-03,2.432245341500135442e-03
-1.370078740157480368e+01,1.825196083422705442e-03,2.853502005426092683e-03
-1.363779527559055182e+01,1.932131777295974890e-03,3.021411850407332549e-03
-1.357480314960629997e+01,2.040653571479851634e-03,2.885935422435099984e-03
-1.351181102362204633e+01,2.149971906004416108e-03,2.552148218953455370e-03
-1.344881889763779270e+01,2.259798955801411036e-03,2.246267320421337175e-03
-1.338582677165354262e+01,2.370365300914410722e-03,2.212412633680102721e-03
-1.332283464566929077e+01,2.482125311310178113e-03,2.586190789828731428e-03
-1.325984251968503891e+01,2.595323209414456336e-03,3.309392234191829967e-03
-1.319685039370078883e+01,2.709674280697552031e-03,4.136024688001308999e-03
-1.313385826771653520e+01,2.824348529186474117e-03,4.737382714399052119e-03
-1.307086614173228334e+01,2.938266535070527090e-03,4.862404977121836426e-03
-1.300787401574802971e+01,3.050534077167749766e-03,4.475620155228153714e-03
-1.294488188976377785e+01,3.160761207057199724e-03,3.798396064272038970e-03
-1.288188976377952777e+01,3.269080111597929411e-03,3.222019783002943744e-03
-1.281889763779527591e+01,3.375853052702025309e-03,3.124716781270226069e-03
-1.275590551181102406e+01,3.481242307233207902e-03,3.677678510631909349e-03
-1.269291338582677042e+01,3.584892729586309883e-03,4.738796104981859991e-03
-1.262992125984252034e+01,3.685909913886682709e-03,5.896436347679854216e-03
-1.256692913385826671e+01,3.783144754051888208e-03,6.653821476387356514e-03
-1.250393700787401485e+01,3.875620183233088618e-03,6.671669851336853307e-03
-1.244094488188976300e+01,3.962858664451493484e-03,5.950369982765921217e-03
-1.237795275590551292e+01,4.044930669682325619e-03,4.854722280382000286e-03
-1.231496062992126106e+01,4.122204798988024152e-03,3.957319401859491804e-03
-1.225196850393700743e+01,4.194944696764181871e-03,3.767074905621639342e-03
-1.218897637795275379e+01,4.262974466296086049e-03,4.472055565180691264e-03
-1.212598425196850371e+01,4.325585902715796058e-03,5.826738326360043733e-03
-1.206299212598425186e+01,4.381722964559417802e-03,7.248754095817899236e-03
-1.200000000000000000e+01,4.430333537041464091e-03,8.088353466021830016e-03
-1.193700787401574814e+01,4.470704002093028699e-03,7.945001041036301240e-03
-1.187401574803149451e+01,4.502619560762792343e-03,6.875516335460443197e-03
-1.181102362204724443e+01,4.526295032046254163e-03,5.385205591250344370e-03
-1.174803149606299080e+01,4.542134098648334048e-03,4.197271342279151884e-03
-1.168503937007873894e+01,4.550441843673076400e-03,3.906393548854120330e-03
-1.162204724409448708e+01,4.551213799010207957e-03,4.684111218398832356e-03
-1.155905511811023700e+01,4.544072278191287409e-03,6.183470393955026526e-03
-1.149606299212598515e+01,4.528354746841374394e-03,7.695667927924679588e-03
-1.143307086614173151e+01,4.503309473635684103e-03,8.487504640224541666e-03
-1.137007874015747966e+01,4.468329550157769219e-03,8.156949879472127213e-03
-1.130708661417322780e+01,4.423150747980368440e-03,6.831893948016365403e-03
-1.124409448818897594e+01,4.367945184710834115e-03,5.112120879714109230e-03
-1.118110236220472409e+01,4.303265351660854644e-03,3.780605618363196401e-03
-1.111811023622047223e+01,4.229839839335054578e-03,3.424819266505029804e-03
-1.105511811023622215e+01,4.148288381456469685e-03,4.154058487731774642e-03
-1.099212598425196852e+01,4.058881294171158213e-03,5.551496770866182900e-03
-1.092913385826771488e+01,3.961475142620758845e-03,6.882997020179846583e-03
-1.086614173228346303e+01,3.855686653856914455e-03,7.457314352824079458e-03
-1.080314960629921295e+01,3.741239775639451041e-03,6.958348358176047466e-03
-1.074015748031496109e+01,3.618303848365952806e-03,5.586593528076876439e-03
-1.067716535433070923e+01,3.487615610436158985e-03,3.944772123098556557e-03
-1.061417322834645560e+01,3.350283901218356359e-03,2.731353783121680083e-03
-1.055118110236220552e+01,3.207370928165814358e-03,2.399592102712826830e-03
-1.048818897637795189e+01,3.059512521634033620e-03,2.951862324930697775e-03
-1.042519685039370003e+01,2.906858667836012631e-03,3.965200146462680847e-03
-1.036220472440944818e+01,2.749439591458968830e-03,4.824050582683967782e-03
-1.029921259842519810e+01,2.587774412117329562e-03,5.033124107020532992e-03
-1.023622047244094446e+01,2.423319293420508110e-03,4.449312736268884808e-03
-1.017322834645669261e+01,2.258372106329502305e-03,3.321688052438755753e-03
-1.011023622047244075e+01,2.095351546321688047e-03,2.133173838517698345e-03
-1.004724409448818889e+01,1.935802152432550879e-03,1.339535821851276258e-03
-9.984251968503937036e+00,1.779767957669329713e-03,1.147451618158774455e-03
-9.921259842519685179e+00,1.626088583791030200e-03,1.442223921124785677e-03
-9.858267716535433323e+00,1.473674035787506109e-03,1.888165703222964261e-03
-9.795275590551181466e+00,1.323154659635621946e-03,2.131215215289317729e-03
-9.732283464566929609e+00,1.177893480648850967e-03,1.985040490131113194e-03
-9.669291338582677753e+00,1.043524615607654797e-03,1.502356406311527873e-03
-9.606299212598424120e+00,9.259588359562974033e-04,9.064353412264765765e-04
-9.543307086614172263e+00,8.287927157491993459e-04,4.389321595529066446e-04
-9.480314960629922183e+00,7.516609099413071142e-04,2.221044532100573056e-04
-9.417322834645668550e+00,6.908004071929088261e-04,2.144078565717633708e-04
-9.354330708661416693e+00,6.419411611126734805e-04,2.735679781386316737e-04
-9.291338582677164837e+00,6.041638783055953629e-04,2.727845092470725531e-04
-9.228346456692914757e+00,5.824609532880134456e-04,1.865809053195046307e-04
-9.165354330708661124e+00,5.871017089551438606e-04,9.001773119619583792e-05
-9.102362204724409267e+00,6.295625188230960989e-04,7.918450595568101726e-05
-9.039370078740157410e+00,7.169332213733118275e-04,1.784668929083859919e-04
-8.976377952755903777e+00,8.480742894348113894e-04,3.110748495856658670e-04
-8.913385826771653697e+00,1.014342636195582001e-03,3.639499647097180560e-04
-8.850393700787401841e+00,1.205350580985534202e-03,3.051450108576588406e-04
-8.787401574803148208e+00,1.417088848130588488e-03,2.616758239027861151e-04
-8.724409448818896351e+00,1.657669720696314328e-03,4.786403369893511492e-04
-8.661417322834646271e+00,1.946471665895003599e-03,1.156716754265023827e-03
-8.598425196850394414e+00,2.305799627632445017e-03,2.260653023843235600e-03
-8.535433070866140781e+00,2.748787697519008630e-03,3.440495018272309892e-03
-8.472440944881888925e+00,3.270506037151039904e-03,4.164686875975411040e-03
-8.409448818897638844e+00,3.848743214637422375e-03,4.038957613340801028e-03
-8.346456692913385211e+00,4.456217059180100221e-03,3.144691379431842956e-03
-8.283464566929133355e+00,5.079071107570343364e-03,2.167541945025645237e-03
-8.220472440944881498e+00,5.731302671857205905e-03,2.162417056914820758e-03
-8.157480314960627865e+00,6.454900629339534873e-03,3.998332534189684949e-03
-8.094488188976377785e+00,7.302079799230386248e-03,7.747103099012119659e-03
-8.031496062992125928e+00,8.306436890097695577e-03,1.238779026167556585e-02
-7.968503937007874960e+00,9.458494897248721084e-03,1.609965506450837525e-02
-7.905511811023621327e+00,1.070215281510706121e-02,1.712362589490488626e-02
-7.842519685039369470e+00,1.195957817463732566e-02,1.482141027271399215e-02
-7.779527559055118502e+00,1.317624648311064087e-02,1.035191711795490493e-02
-7.716535433070864869e+00,1.436326539796596580e-02,6.473084219570694568e-03
-7.653543307086613900e+00,1.561006625102003692e-02,6.375245574045178450e-03
-7.590551181102362044e+00,1.705200379145874884e-02,1.199179129182313328e-02
-7.527559055118108411e+00,1.880112661838146196e-02,2.263015469170507124e-02
-7.464566929133857442e+00,2.087291820104045931e-02,3.476406128600484369e-02
-7.401574803149606474e+00,2.315251325813032224e-02,4.334901862935372496e-02
-7.338582677165354617e+00,2.543097293839402182e-02,4.424608169486995979e-02
-7.275590551181100984e+00,2.750771016426780888e-02,3.664362639389043275e-02
-7.212598425196850016e+00,2.931452920146981889e-02,2.415532243896997486e-02
-7.149606299212599048e+00,3.099272423504281088e-02,1.374867351522988772e-02
-7.086614173228345415e+00,3.286552750866418571e-02,1.268169804393823319e-02
-7.023622047244093558e+00,3.529584030802619676e-02,2.473093245223585354e-02
-6.960629921259842590e+00,3.848430685128143708e-02,4.759569796097388311e-02
-6.897637795275588957e+00,4.231129043128531442e-02,7.305392947224345623e-02
-6.834645669291337988e+00,4.632585613963596805e-02,9.024376999896344120e-02
-6.771653543307086132e+00,4.992420704088242761e-02,9.085439382245026618e-02
-6.708661417322835163e+00,5.266034984951011022e-02,7.381525026401622447e-02
-6.645669291338581530e+00,5.454176408414894428e-02,4.696688219840172013e-02
-6.582677165354330562e+00,5.613670922137803387e-02,2.439435284845663243e-02
-6.519685039370078705e+00,5.838718872122900666e-02,2.016450275851029705e-02
-6.456692913385825072e+00,6.216509579344835223e-02,4.117451245320052911e-02
-6.393700787401574104e+00,6.776381244382162494e-02,8.265418713684338781e-02
-6.330708661417323135e+00,7.459786878449459202e-02,1.289823814599190821e-01
-6.267716535433069502e+00,8.132711379899251747e-02,1.601094947511853550e-01
-6.204724409448817646e+00,8.643108732544046990e-02,1.610531529126090489e-01
-6.141732283464566677e+00,8.901236408578712400e-02,1.300479541493825553e-01
-6.078740157480315709e+00,8.943140960749246249e-02,8.106516257780400914e-02
-6.015748031496062076e+00,8.938379008659046165e-02,3.874937177274787731e-02
-5.952755905511810219e+00,9.125753310162630638e-02,2.741741696765236103e-02
-5.889763779527559251e+00,9.697293766708128815e-02,5.894713925812775784e-02
-5.826771653543305618e+00,1.068348222172768591e-01,1.254890022558471652e-01
-5.763779527559054650e+00,1.190290079252524641e-01,2.011728508098913348e-01
-5.700787401574802793e+00,1.301692448015986103e-01,2.529334829635884740e-01
-5.637795275590549160e+00,1.368073277681509659e-01,2.560385691956868492e-01
-5.574803149606298192e+00,1.372766488052983291e-01,2.071013894290544277e-01
-5.511811023622047223e+00,1.329357171424401796e-01,1.278801932092797633e-01
-5.448818897637795367e+00,1.280246610041757827e-01,5.707575611569051105e-02
-5.385826771653541734e+00,1.279490598434469550e-01,3.301554070762338644e-02
-5.322834645669290765e+00,1.366189633917740121e-01,7.489441753946275704e-02
-5.259842519685039797e+00,1.540943026165191854e-01,1.716650063023293649e-01
-5.196850393700786164e+00,1.758497894918097937e-01,2.847224563878445469e-01
-5.133858267716534307e+00,1.943399009870915572e-01,3.642818934420730126e-01
-5.070866141732283339e+00,2.024366433516917030e-01,3.726078969913055317e-01
-5.007874015748029706e+00,1.972422950686276433e-01,3.033143730293383911e-01
-4.944881889763778737e+00,1.823257027712706646e-01,1.869889228998538877e-01
-4.881889763779526881e+00,1.669391690740713308e-01,7.930313393198495930e-02
-4.818897637795275912e+00,1.621306276236229582e-01,3.602886443081643186e-02
-4.755905511811022279e+00,1.752882152594198717e-01,8.611320758207852144e-02
-4.692913385826771311e+00,2.057231838817944192e-01,2.157494361796152282e-01
-4.629921259842519454e+00,2.437601808188446795e-01,3.719747808922482801e-01
-4.566929133858265821e+00,2.743480553066980354e-01,4.854370124788836560e-01
-4.503937007874014853e+00,2.839969542845350303e-01,5.026312860188268949e-01
-4.440944881889763884e+00,2.679371094895058314e-01,4.126499509259127230e-01
-4.377952755905510251e+00,2.338267826915765291e-01,2.551543585667851999e-01
-4.314960629921258395e+00,1.996012586073214745e-01,1.045138771678822132e-01
-4.251968503937007426e+00,1.857494436318969100e-01,3.627438034238222864e-02
-4.188976377952756458e+00,2.052229517972805617e-01,9.104449466303111971e-02
-4.125984251968502825e+00,2.558368447482800567e-01,2.530420004625609787e-01
-4.062992125984250968e+00,3.193840304071587921e-01,4.544732829569992361e-01
-4.000000000000000000e+00,3.687870394770731419e-01,6.050920660200765910e-01
-3.937007874015746367e+00,3.806601689336215899e-01,6.341084945128966366e-01
-3.874015748031495399e+00,3.475586710915505306e-01,5.249770506570100581e-01
-3.811023622047243986e+00,2.836505133837831094e-01,3.259971357412351778e-01
-3.748031496062990353e+00,2.201474958951966099e-01,1.304249969963482692e-01
-3.685039370078738941e+00,1.916129864703244312e-01,3.414212735226417744e-02
-3.622047244094487972e+00,2.190261045754013647e-01,9.009862193623661974e-02
-3.559055118110234339e+00,2.977882139682974105e-01,2.812003125721047603e-01
-3.496062992125982927e+00,3.972560817784800413e-01,5.254421940005447045e-01
-3.433070866141731514e+00,4.732684918507392147e-01,7.122298640671778092e-01
-3.370078740157480546e+00,4.887305880349064324e-01,7.538289639795878738e-01
-3.307086614173226913e+00,4.327534301053388988e-01,6.279628907926746439e-01
-3.244094488188975500e+00,3.286196608441594447e-01,3.908531406045151479e-01
-3.181102362204724088e+00,2.255061123720953353e-01,1.533443231335760992e-01
-3.118110236220470455e+00,1.765571935028231176e-01,3.015214773490563355e-02
-3.055118110236219486e+00,2.129817973165859801e-01,8.550466726348894542e-02
-2.992125984251968074e+00,3.267154006891745954e-01,3.009976012638430620e-01
-2.929133858267714441e+00,4.710222480529091538e-01,5.817432565860880533e-01
-2.866141732283463028e+00,5.802719917185992227e-01,7.991118579715225101e-01
-2.803149606299212060e+00,6.006748369000165511e-01,8.508140339667681351e-01
-2.740157480314960647e+00,5.176326573740328563e-01,7.101893177603366691e-01
-2.677165354330707014e+00,3.659026509229558743e-01,4.408863575584223704e-01
-2.614173228346455602e+00,2.162337656902022787e-01,1.689746353443776494e-01
-2.551181102362204633e+00,1.433264861453098782e-01,2.464625872867642203e-02
-2.488188976377951001e+00,1.895738345480760811e-01,8.051823964658119670e-02
-2.425196850393699588e+00,3.421566379252253820e-01,3.158617888176020183e-01
-2.362204724409448175e+00,5.356762895966139526e-01,6.244235038256039649e-01
-2.299212598425194987e+00,6.807111772518202875e-01,8.631006723743983589e-01
-2.236220472440943574e+00,7.059177485950188791e-01,9.191582565414051498e-01
-2.173228346456692162e+00,5.938434324071114601e-01,7.643331548958394173e-01
-2.110236220472440749e+00,3.925097136716915736e-01,4.697725958494713416e-01
-2.047244094488187560e+00,1.956904353448010170e-01,1.739381442742120032e-01
-1.984251968503936148e+00,9.979788604387250517e-02,1.792085115803039586e-02
-1.921259842519684735e+00,1.572137932041053898e-01,7.844338982015836015e-02
-1.858267716535431324e+00,3.486981991046769203e-01,3.304592361741189865e-01
-1.795275590551179912e+00,5.893094555345275154e-01,6.576526639633751836e-01
-1.732283464566928721e+00,7.665572156493674072e-01,9.065500724412068889e-01
-1.669291338582675088e+00,7.936660549323538705e-01,9.590511841488517097e-01
-1.606299212598423898e+00,6.526535110011985052e-01,7.890240111015115465e-01
-1.543307086614172485e+00,4.058002551681555992e-01,4.757529722657556914e-01
-1.480314960629921295e+00,1.686360693506122332e-01,1.672979655983818370e-01
-1.417322834645667662e+00,5.608131689078511839e-02,1.067960766755682821e-02
-1.354330708661416471e+00,1.269315505558811508e-01,8.186236603498164843e-02
-1.291338582677165059e+00,3.536069192933834482e-01,3.489671977652104573e-01
-1.228346456692911426e+00,6.327185873886831402e-01,6.866026939426738140e-01
-1.165354330708660235e+00,8.326425017704720544e-01,9.349309647109238508e-01
-1.102362204724409045e+00,8.561550147214472828e-01,9.756278111337012282e-01
-1.039370078740155412e+00,6.881961722063052456e-01,7.885737364411126160e-01
-9.763779527559041105e-01,4.052041437458041018e-01,4.620386126968637486e-01
-9.133858267716528090e-01,1.405040166617108621e-01,1.511705004144208997e-01
-8.503937007874015075e-01,2.143679672233675046e-02,4.302863925981465637e-03
-7.874015748031479855e-01,1.080044164757172631e-01,9.212579358445281696e-02
-7.244094488188966841e-01,3.627338927628134813e-01,3.736092930389444677e-01
-6.614173228346453826e-01,6.669438548010012680e-01,7.151628482111085372e-01
-5.984251968503917496e-01,8.764043396272641617e-01,9.541125325207525654e-01
-5.354330708661405591e-01,8.901792236221990340e-01,9.763149214655785224e-01
-4.724409448818892021e-01,6.996339722219908630e-01,7.708278221506000838e-01
-4.094488188976356802e-01,3.936970538947024978e-01,4.354002751022487683e-01
-3.464566929133843787e-01,1.172926705629948885e-01,1.300046365664455361e-01
-2.834645669291330772e-01,2.451078748829130845e-03,5.072009366580412446e-04
-2.204724409448817757e-01,1.050002393075869095e-01,1.089340704794640041e-01
-1.574803149606282260e-01,3.773473749039039093e-01,4.037155716563382568e-01
-9.448818897637693837e-02,6.906872728371952208e-01,7.442136117323099320e-01
-3.149606299212564381e-02,8.962352118043521720e-01,9.678665314899791428e-01
3.149606299212791977e-02,8.962351260216731008e-01,9.678664381205598355e-01
9.448818897637921432e-02,6.906870563048045364e-01,7.442133762173989142e-01
1.574803149606305019e-01,3.773471305501135409e-01,4.037153064581782691e-01
2.204724409448840516e-01,1.050000829980582695e-01,1.089339021782994993e-01
2.834645669291353531e-01,2.451084065175244183e-03,5.072097647915176609e-04
3.464566929133866546e-01,1.172928339823356425e-01,1.300048181396808444e-01
4.094488188976379561e-01,3.936972969240076781e-01,4.354005426138952140e-01
4.724409448818914781e-01,6.996341792404263682e-01,7.708280479199530744e-01
5.354330708661427796e-01,8.901792970945564543e-01,9.763149979226903863e-01
5.984251968503940811e-01,8.764042461919424598e-01,9.541124234641378266e-01
6.614173228346453826e-01,6.669436403554395154e-01,7.151626058951091602e-01
7.244094488188966841e-01,3.627336597218789871e-01,3.736090330353706856e-01
7.874015748031525375e-01,1.080042745194464276e-01,9.212563954543331879e-02
8.503937007874037279e-01,2.143681083559551698e-02,4.302888691249387963e-03
9.133858267716550294e-01,1.405041771944222362e-01,1.511706915413132402e-01
9.763779527559063309e-01,4.052043723252000684e-01,4.620388787230491623e-01
1.039370078740157632e+00,6.881963600272363868e-01,7.885739507020378403e-01
1.102362204724409045e+00,8.561550744214539987e-01,9.756278720904950630e-01
1.165354330708664676e+00,8.326424080417067497e-01,9.349308440092974903e-01
1.228346456692916089e+00,6.327183873811838000e-01,6.866024494406406387e-01
1.291338582677167279e+00,3.536067086355947353e-01,3.489669455750852856e-01
1.354330708661418692e+00,1.269314272040182046e-01,8.186222514009615370e-02
1.417322834645669882e+00,5.608133517688808356e-02,1.067964358960776794e-02
1.480314960629921295e+00,1.686362158676460166e-01,1.672981598211143450e-01
1.543307086614172485e+00,4.058004571718376585e-01,4.757532316718239285e-01
1.606299212598428339e+00,6.526536723350997438e-01,7.890242125861076650e-01
1.669291338582679529e+00,7.936661016801838109e-01,9.590512329670547453e-01
1.732283464566930942e+00,7.665571297572739695e-01,9.065499465760971098e-01
1.795275590551182132e+00,5.893092810916357172e-01,6.576524237214645963e-01
1.858267716535433545e+00,3.486980193936535244e-01,3.304589948881674899e-01
1.921259842519684735e+00,1.572136904245230449e-01,7.844325994915382627e-02
1.984251968503936148e+00,9.979790324455430073e-02,1.792089148966843209e-02
2.047244094488192001e+00,1.956905582318521075e-01,1.739383330592359500e-01
2.110236220472443414e+00,3.925098798757709062e-01,4.697728421241877950e-01
2.173228346456694382e+00,5.938435626111810972e-01,7.643333420949134371e-01
2.236220472440945795e+00,7.059177839848306268e-01,9.191582974178988952e-01
2.299212598425197207e+00,6.807111055713089831e-01,8.631005492862868778e-01
2.362204724409448175e+00,5.356761483065852758e-01,6.244232757716435822e-01
2.425196850393704029e+00,3.421564942300175938e-01,3.158615625385311487e-01
2.488188976377955441e+00,1.895737528242994185e-01,8.051811899386659976e-02
2.551181102362206854e+00,1.433264985642880851e-01,2.464629638973553361e-02
2.614173228346458266e+00,2.162338594247716905e-01,1.689748094078756535e-01
2.677165354330709235e+00,3.659027768366269751e-01,4.408865833066751283e-01
2.740157480314960647e+00,5.176327548375202481e-01,7.101894883954743554e-01
2.803149606299212060e+00,6.006748622578942376e-01,8.508140706309345047e-01
2.866141732283467913e+00,5.802719370577416047e-01,7.991117455720436746e-01
2.929133858267718882e+00,4.710221423021015430e-01,5.817430491443014162e-01
2.992125984251970294e+00,3.267152937838266880e-01,3.009973951133358971e-01
3.055118110236221707e+00,2.129817359183741599e-01,8.550455541184159847e-02
3.118110236220473119e+00,1.765572000357136240e-01,3.015217707134646569e-02
3.181102362204724088e+00,2.255061767304200049e-01,1.533444742058122645e-01
3.244094488188975500e+00,3.286197475837620563e-01,3.908533386251665243e-01
3.307086614173231354e+00,4.327534965935479483e-01,6.279630417988244506e-01
3.370078740157482766e+00,4.887306043677434597e-01,7.538289986277676435e-01
3.433070866141733735e+00,4.732684532925780507e-01,7.122297686063396860e-01
3.496062992125985147e+00,3.972560086868448526e-01,5.254420146002365399e-01
3.559055118110236560e+00,2.977881403340876809e-01,2.812001319781051167e-01
3.622047244094487972e+00,2.190260614203334011e-01,9.009852022584988185e-02
3.685039370078743826e+00,1.916129881328612616e-01,3.414214543865512486e-02
3.748031496062994794e+00,2.201475351756203014e-01,1.304251195314857226e-01
3.811023622047246207e+00,2.836505669097619253e-01,3.259973004673203389e-01
3.874015748031497619e+00,3.475587114685675383e-01,5.249771788041049936e-01
3.937007874015748587e+00,3.806601774858287546e-01,6.341085274052319365e-01
4.000000000000000000e+00,3.687870137349590349e-01,6.050919908597883756e-01
4.062992125984250968e+00,3.193839834892573393e-01,4.544731364912651950e-01
4.125984251968507266e+00,2.558367977737133203e-01,2.530418499031247825e-01
4.188976377952758234e+00,2.052229235185493994e-01,9.104440567452373734e-02
4.251968503937010091e+00,1.857494422894934993e-01,3.627438734939724546e-02
4.314960629921261059e+00,1.996012794463765394e-01,1.045139693994949909e-01
4.377952755905512028e+00,2.338268116202046332e-01,2.551544873689884363e-01
4.440944881889763884e+00,2.679371305119957469e-01,4.126500538661131423e-01
4.503937007874019294e+00,2.839969569020886486e-01,5.026313158879037735e-01
4.566929133858271150e+00,2.743480385430502322e-01,4.854369577284791126e-01
4.629921259842522119e+00,2.437601524626459015e-01,3.719746687207845515e-01
4.692913385826773087e+00,2.057231558814368866e-01,2.157493178997269834e-01
4.755905511811024944e+00,1.752881978363387272e-01,8.611313398984579703e-02
4.818897637795275912e+00,1.621306249277748579e-01,3.602886296968709628e-02
4.881889763779526881e+00,1.669391781433753053e-01,7.930319788430539862e-02
4.944881889763783178e+00,1.823257158281780255e-01,1.869890167127287173e-01
5.007874015748034147e+00,1.972423036685679587e-01,3.033144502824770550e-01
5.070866141732286003e+00,2.024366422574446767e-01,3.726079220120626090e-01
5.133858267716536972e+00,1.943398900571815802e-01,3.642818565396298558e-01
5.196850393700787940e+00,1.758497730087493494e-01,2.847223762807727376e-01
5.259842519685039797e+00,1.540942867228159430e-01,1.716649195828921504e-01
5.322834645669290765e+00,1.366189530651962247e-01,7.489436090285393754e-02
5.385826771653547063e+00,1.279490568456374822e-01,3.301553451893370073e-02
5.448818897637798031e+00,1.280246635851995385e-01,5.707579662090706690e-02
5.511811023622048999e+00,1.329357213706961194e-01,1.278802562096039153e-01
5.574803149606300856e+00,1.372766506737369829e-01,2.071014428253247774e-01
5.637795275590551825e+00,1.368073250042639855e-01,2.560385880113084656e-01
5.700787401574802793e+00,1.301692376084934988e-01,2.529334598699122250e-01
5.763779527559059090e+00,1.190289984875897017e-01,2.011727978081039314e-01
5.826771653543310059e+00,1.068348133938358119e-01,1.254889435454253077e-01
5.889763779527561915e+00,9.697293159439773769e-02,5.894709930080264948e-02
5.952755905511812884e+00,9.125753035647894695e-02,2.741740956087152653e-02
6.015748031496063852e+00,8.938378969452177858e-02,3.874939495027845959e-02
6.078740157480315709e+00,8.943140975135008275e-02,8.106520106673403836e-02
6.141732283464566677e+00,8.901236307335796960e-02,1.300479875334815960e-01
6.204724409448822087e+00,8.643108433154768344e-02,1.610531652582282147e-01
6.267716535433073943e+00,8.132710908336568401e-02,1.601094812193010752e-01
6.330708661417324912e+00,7.459786337809704015e-02,1.289823492491676271e-01
6.393700787401576768e+00,6.776380754098938752e-02,8.265415094094839821e-02
6.456692913385827737e+00,6.216509218018837629e-02,4.117448707411670156e-02
6.519685039370078705e+00,5.838718649463654070e-02,2.016449651283963238e-02
6.582677165354330562e+00,5.613670787554822517e-02,2.439436464080608005e-02
6.645669291338585971e+00,5.454176285564805299e-02,4.696690315112249381e-02
6.708661417322836940e+00,5.266034811542395083e-02,7.381526862935690325e-02
6.771653543307088796e+00,4.992420457637608555e-02,9.085440056926764874e-02
6.834645669291339765e+00,4.632585314283106659e-02,9.024376247598542289e-02
6.897637795275591621e+00,4.231128734831959143e-02,7.305391174144185151e-02
6.960629921259842590e+00,3.848430412094008130e-02,4.759567808069903316e-02
7.023622047244097999e+00,3.529583816001661406e-02,2.473091833725047858e-02
7.086614173228349856e+00,3.286552589892064585e-02,1.268169396208083770e-02
7.149606299212600824e+00,3.099272292134717943e-02,1.374867871523564357e-02
7.212598425196851792e+00,2.931452789633227571e-02,2.415533223007050589e-02
7.275590551181103649e+00,2.750770867803610520e-02,3.664363483611821071e-02
7.338582677165354617e+00,2.543097124723058336e-02,4.424608444415781966e-02
7.401574803149606474e+00,2.315251147986126939e-02,4.334901462289146579e-02
7.464566929133861883e+00,2.087291650887609928e-02,3.476405267987633246e-02
7.527559055118112852e+00,1.880112514607439056e-02,2.263014535396449048e-02
7.590551181102364708e+00,1.705200257686752610e-02,1.199178477119438452e-02
7.653543307086615677e+00,1.561006523727892503e-02,6.375243559975820110e-03
7.716535433070867533e+00,1.436326447994931178e-02,6.473086117323270314e-03
7.779527559055118502e+00,1.317624556751245506e-02,1.035192074184403122e-02
7.842519685039369470e+00,1.195957722175826354e-02,1.482141313976572880e-02
7.905511811023625768e+00,1.070215184575277513e-02,1.712362641059020016e-02
7.968503937007876736e+00,9.458493968505383639e-03,1.609965306859614809e-02
8.031496062992127705e+00,8.306436058257451321e-03,1.238778680057351853e-02
8.094488188976379561e+00,7.302079090809056837e-03,7.747099682536253556e-03
8.157480314960631418e+00,6.454900032930664666e-03,3.998330331666624313e-03
8.220472440944881498e+00,5.731302150664706156e-03,2.162416428283827578e-03
8.283464566929136907e+00,5.079070622156396479e-03,2.167542461813649988e-03
8.346456692913388764e+00,4.456216586903536010e-03,3.144692219764818903e-03
8.409448818897640621e+00,3.848742756585931974e-03,4.038958054693739599e-03
8.472440944881892477e+00,3.270505611513862057e-03,4.164686619141669266e-03
8.535433070866142558e+00,2.748787325468699666e-03,3.440494218888204975e-03
8.598425196850394414e+00,2.305799320454385553e-03,2.260652084884294186e-03
8.661417322834646271e+00,1.946471419796831593e-03,1.156716045486221034e-03
8.724409448818901680e+00,1.657669520541556109e-03,4.786400083986585706e-04
8.787401574803153537e+00,1.417088676467297701e-03,2.616757911075436277e-04
8.850393700787403617e+00,1.205350426642222850e-03,3.051450767567951403e-04
8.913385826771655474e+00,1.014342497988968313e-03,3.639499723050257395e-04
8.976377952755907330e+00,8.480741739071401926e-04,3.110747660899787774e-04
9.039370078740157410e+00,7.169331368196477355e-04,1.784667890375985595e-04
9.102362204724409267e+00,6.295624694403663141e-04,7.918446819049108909e-05
9.165354330708664676e+00,5.871016922105268829e-04,9.001778202523466469e-05
9.228346456692916533e+00,5.824609613648886602e-04,1.865809890542590311e-04
9.291338582677168390e+00,6.041639021677765826e-04,2.727845470589484165e-04
9.354330708661418470e+00,6.419411945824063251e-04,2.735679447607205074e-04
9.417322834645670326e+00,6.908004488631418454e-04,2.144078165857067500e-04
9.480314960629922183e+00,7.516609622753550168e-04,2.221045248625242515e-04
9.543307086614177592e+00,8.287927823123100550e-04,4.389324269044084757e-04
9.606299212598427673e+00,9.259589185700478793e-04,9.064357751331520319e-04
9.669291338582679529e+00,1.043524712941334759e-03,1.502356854151751329e-03
9.732283464566931386e+00,1.177893588742416750e-03,1.985040752376896010e-03
9.795275590551183242e+00,1.323154773730431067e-03,2.131215169647833647e-03
9.858267716535433323e+00,1.473674152263038887e-03,1.888165400641565305e-03
9.921259842519685179e+00,1.626088701164132323e-03,1.442223587168191094e-03
9.984251968503940589e+00,1.779768076314300080e-03,1.147451545485024408e-03
1.004724409448819245e+01,1.935802273422993587e-03,1.339536205419003100e-03
1.011023622047244253e+01,2.095351670193555237e-03,2.133174645565230013e-03
1.017322834645669438e+01,2.258372232442794423e-03,3.321689008085291182e-03
1.023622047244094624e+01,2.423319420132509679e-03,4.449313445829957032e-03
1.029921259842519810e+01,2.587774537494406338e-03,5.033124259375087312e-03
1.036220472440944818e+01,2.749439714005969156e-03,4.824050128283370771e-03
1.042519685039370358e+01,2.906858786824438948e-03,3.965199349295372988e-03
1.048818897637795544e+01,3.059512636932386082e-03,2.951861649952397526e-03
1.055118110236220730e+01,3.207371039775682841e-03,2.399591987435552125e-03
1.061417322834645738e+01,3.350284008858680530e-03,2.731354407635101528e-03
1.067716535433070923e+01,3.487615713421334928e-03,3.944773300060046631e-03
1.074015748031496109e+01,3.618303945804016066e-03,5.586594776830695538e-03
1.080314960629921650e+01,3.741239866777696862e-03,6.958349133369445653e-03
1.086614173228346836e+01,3.855686738343513161e-03,7.457314316173218292e-03
1.092913385826771844e+01,3.961475220530602352e-03,6.882996217776318412e-03
1.099212598425197029e+01,4.058881365807024723e-03,5.551495622762590669e-03
1.105511811023622215e+01,4.148288447057058015e-03,4.154057590008451012e-03
1.111811023622047223e+01,4.229839898858469421e-03,3.424819101237952870e-03
1.118110236220472409e+01,4.303265404742745957e-03,3.780606315029565092e-03
1.124409448818897950e+01,4.367945230797286478e-03,5.112122147532176773e-03
1.130708661417323135e+01,4.423150786545705128e-03,6.831895214225527230e-03
1.137007874015748321e+01,4.468329580906801879e-03,8.156950566178251469e-03
1.143307086614173329e+01,4.503309496605967764e-03,8.487504443678262414e-03
1.149606299212598515e+01,4.528354762388156138e-03,7.695666963376948840e-03
1.155905511811023700e+01,4.544072286865236121e-03,6.183469136362140794e-03
1.162204724409448708e+01,4.551213801383826620e-03,4.684110270178606060e-03
1.168503937007874427e+01,4.550441840164800265e-03,3.906393350010114833e-03
1.174803149606299435e+01,4.542134089406579985e-03,4.197271964276960178e-03
1.181102362204724621e+01,4.526295016937642753e-03,5.385206712287225750e-03
1.187401574803149806e+01,4.502619539480133548e-03,6.875517404383455801e-03
1.193700787401574814e+01,4.470703974362343763e-03,7.945001545692949307e-03
1.200000000000000000e+01,4.430333502840127884e-03,8.088353174001406548e-03
1.206299212598425541e+01,4.381722924249520021e-03,7.248753153388229342e-03
1.212598425196850727e+01,4.325585857009351352e-03,5.826737173843236917e-03
1.218897637795275912e+01,4.262974416050694000e-03,4.472054716807884363e-03
1.225196850393700920e+01,4.194944642695618009e-03,3.767074704752557124e-03
1.231496062992126106e+01,4.122204741442523669e-03,3.957319869076532902e-03
1.237795275590551292e+01,4.044930608595507723e-03,4.854723121796459227e-03
1.244094488188976300e+01,3.962858599527928696e-03,5.950370745910188615e-03
1.250393700787402018e+01,3.875620114257484310e-03,6.671670146400471811e-03
1.256692913385827026e+01,3.783144681165356762e-03,6.653821154247935472e-03
1.262992125984252212e+01,3.685909837674108264e-03,5.896435553357494593e-03
1.269291338582677398e+01,3.584892650918207902e-03,4.738795189519089297e-03
1.275590551181102406e+01,3.481242226944552404e-03,3.677677852736784252e-03
1.281889763779527591e+01,3.375852971292133894e-03,3.124716609272628048e-03
1.288188976377953132e+01,3.269080029115942459e-03,3.222020080955457968e-03
1.294488188976378318e+01,3.160761123247026946e-03,3.798396599848635931e-03
1.300787401574803503e+01,3.050533991788266334e-03,4.475620606452488520e-03
1.307086614173228512e+01,2.938266448200257865e-03,4.862405090020345544e-03
1.313385826771653697e+01,2.824348441342759610e-03,4.737382414754025446e-03
1.319685039370078883e+01,2.709674192692239792e-03,4.136024098749407386e-03
1.325984251968503891e+01,2.595323122032682644e-03,3.309391599034565510e-03
1.332283464566929609e+01,2.482125225000493020e-03,2.586190347960565673e-03
1.338582677165354617e+01,2.370365215667690449e-03,2.212412509406188645e-03
1.344881889763779803e+01,2.259798871295196510e-03,2.246267478117348372e-03
1.351181102362204989e+01,2.149971821922884874e-03,2.552148497734087629e-03
1.357480314960629997e+01,2.040653487824455655e-03,2.885935625582816948e-03
1.363779527559055182e+01,1.932131694505567331e-03,3.021411841291685510e-03
1.370078740157480368e+01,1.825196002226980386e-03,2.853501763858437481e-03
1.376377952755905909e+01,1.720820772854287804e-03,2.432244958531744067e-03
1.382677165354331095e+01,1.619734299473736669e-03,1.919684255053821223e-03
1.388976377952756103e+01,1.522125154504798536e-03,1.499531974344106176e-03
1.395275590551181288e+01,1.427654438082975917e-03,1.288428384643101107e-03
1.401574803149606474e+01,1.335762883044171309e-03,1.290794593574329501e-03
1.407874015748031482e+01,1.246091107976139267e-03,1.413028880325106632e-03
1.414173228346457201e+01,1.158768980569424394e-03,1.522198989392249116e-03
1.420472440944882209e+01,1.074410259256320223e-03,1.514896936501896165e-03
1.426771653543307394e+01,9.938218708349533942e-04,1.361690503575969371e-03
1.433070866141732580e+01,9.176008814775358981e-04,1.109284775451386141e-03
1.439370078740157588e+01,8.458520721060696149e-04,8.456824340041160099e-04
1.445669291338582774e+01,7.781834637865151600e-04,6.509817040651529876e-04
1.451968503937007959e+01,7.139738270382848780e-04,5.601454812288650907e-04
1.458267716535433500e+01,6.527518756457196961e-04,5.541464780316862192e-04
1.464566929133858686e+01,5.944695895127126558e-04,5.792239069989055808e-04
1.470866141732283694e+01,5.395208383647525502e-04,5.799425911523684420e-04
1.477165354330708880e+01,4.885066139423660091e-04,5.270783678175018768e-04
1.483464566929134065e+01,4.418904991059614882e-04,4.270855590293509761e-04
1.489763779527559073e+01,3.997419941620596485e-04,3.115527442634493608e-04
1.496062992125984259e+01,3.617049958461682419e-04,2.156965987343621412e-04
1.502362204724409800e+01,3.271947040188603515e-04,1.591564150156188004e-04
1.508661417322834986e+01,2.956988034202942149e-04,1.388690752077798788e-04
1.514960629921260171e+01,2.670095931014145160e-04,1.356372848851675964e-04
1.521259842519685179e+01,2.412653326592323290e-04,1.282611789860425779e-04
1.527559055118110365e+01,2.187950692119442625e-04,1.059534970999345866e-04
1.533858267716535551e+01,1.998711218828471694e-04,7.227683753090763407e-05
1.540157480314961091e+01,1.845154323080922692e-04,3.981016253161635300e-05
1.546456692913386277e+01,1.724618554157194335e-04,2.030180130171632276e-05
1.552755905511811285e+01,1.632786284181338729e-04,1.705220468481829442e-05
1.559055118110236471e+01,1.565642995098834615e-04,2.397546971681980177e-05
1.565354330708661657e+01,1.520978227763848287e-04,3.107458524090300192e-05
1.571653543307086665e+01,1.498627007868470729e-04,3.202552147394456425e-05
1.577952755905511850e+01,1.499466256217446807e-04,2.859731437876236951e-05
1.584251968503937391e+01,1.523906266404120012e-04,2.908225954325899270e-05
1.590551181102362577e+01,1.570837007206960130e-04,4.201423957072378815e-05
1.596850393700787762e+01,1.637620412505659464e-04,6.955135712871531159e-05
1.603149606299212948e+01,1.721034079796308208e-04,1.050822230681986184e-04
1.609448818897637778e+01,1.818503913319959985e-04,1.368478591215524899e-04
1.615748031496062964e+01,1.928841458900977914e-04,1.554418422926278482e-04
1.622047244094488150e+01,2.052062065192895304e-04,1.604348998360832659e-04
1.628346456692913691e+01,2.188449041628672649e-04,1.617132768926040482e-04
1.634645669291338876e+01,2.337477296460658399e-04,1.742552312448909975e-04
1.640944881889764062e+01,2.497260542144354319e-04,2.091254988372305296e-04
1.647244094488189248e+01,2.664837631793181660e-04,2.659891760815884959e-04
1.653543307086614433e+01,2.837100501976582106e-04,3.318572460726124454e-04
1.659842519685039264e+01,3.011801849349096845e-04,3.873198957569491479e-04
1.666141732283465160e+01,3.188066644862582095e-04,4.171466748166600914e-04
1.672440944881889990e+01,3.366149182789843729e-04,4.193723174687154285e-04
1.678740157480315176e+01,3.546617557695166695e-04,4.075120174710443704e-04
1.685039370078740362e+01,3.729449289208708329e-04,4.041819342315548943e-04
1.691338582677165547e+01,3.913527853153073882e-04,4.291808325222478434e-04
1.697637795275590733e+01,4.096766334431283939e-04,4.883536198833322373e-04
1.703937007874015919e+01,4.276726726556675292e-04,5.694252686597885658e-04
1.710236220472441460e+01,4.451359556602680289e-04,6.474302374457275222e-04
1.716535433070866645e+01,4.619477166249053458e-04,6.972329731612233669e-04
1.722834645669291476e+01,4.780768776077302159e-04,7.067053574439559078e-04
1.729133858267716661e+01,4.935429783137096913e-04,6.835618552423994255e-04
1.735433070866141847e+01,5.083657908947945229e-04,6.520300228648661994e-04
1.741732283464567033e+01,5.225283437996503921e-04,6.408193054718424198e-04
1.748031496062992218e+01,5.359674611185499598e-04,6.684613207569510248e-04
1.754330708661417759e+01,5.485890017535129592e-04,7.335787407374673788e-04
1.760629921259842945e+01,5.602938470197925316e-04,8.151845376921015027e-04
1.766929133858268131e+01,5.709998617953477434e-04,8.829783789990649622e-04
1.773228346456692961e+01,5.806520802480336649e-04,9.124600247463009574e-04
1.779527559055118147e+01,5.892218878279991768e-04,8.971927777082982581e-04
1.785826771653543332e+01,5.967005837147357564e-04,8.520035001333795292e-04
1.792125984251968873e+01,6.030921350128945870e-04,8.055318599358205324e-04
1.798425196850394059e+01,6.084067735522240413e-04,7.859433324798990742e-04
1.804724409448819245e+01,6.126549541168986807e-04,8.070301198454222450e-04
1.811023622047244430e+01,6.158417278773784887e-04,8.616329911960628153e-04
1.817322834645669616e+01,6.179635109323036463e-04,9.255340697723604074e-04
1.823622047244094446e+01,6.190098925517665543e-04,9.696772384646243012e-04
1.829921259842519632e+01,6.189710411555988468e-04,9.744727735866041615e-04
1.836220472440945173e+01,6.178475405471647907e-04,9.390688466299695154e-04
1.842519685039370358e+01,6.156570483464993615e-04,8.811736620554385356e-04
1.848818897637795544e+01,6.124333797008242857e-04,8.278269445618311340e-04
1.855118110236220730e+01,6.082182223995050586e-04,8.019728678013230685e-04
1.861417322834645915e+01,6.030506954451109441e-04,8.115712697330349249e-04
1.867716535433071101e+01,5.969617041841883019e-04,8.464613741830687111e-04
1.874015748031495932e+01,5.899769248150657595e-04,8.841588603252232940e-04
1.880314960629921828e+01,5.821261410279826706e-04,9.013331024477888977e-04
1.886614173228346658e+01,5.734517997798214669e-04,8.850909108804850232e-04
1.892913385826771844e+01,5.640097266735755611e-04,8.385932062422739091e-04
1.899212598425197029e+01,5.538603047222971859e-04,7.785985648280298625e-04
1.905511811023622215e+01,5.430555875762518381e-04,7.266049046719112205e-04
1.911811023622047401e+01,5.316316744544482024e-04,6.982808497586424825e-04
1.918110236220472942e+01,5.196130382084480567e-04,6.964163623175945953e-04
1.924409448818898127e+01,5.070275798256651924e-04,7.105658798862077557e-04
1.930708661417323313e+01,4.939231094185767999e-04,7.230838574425337657e-04
1.937007874015748143e+01,4.803734883775058928e-04,7.181641776757202505e-04
1.943307086614173329e+01,4.664682114568376018e-04,6.892830093707359111e-04
1.949606299212598515e+01,4.522898161247938635e-04,6.415713942425872122e-04
1.955905511811023700e+01,4.378924337972557135e-04,5.883833742530141528e-04
1.962204724409449241e+01,4.232957735652217177e-04,5.442088863735247261e-04
1.968503937007874427e+01,4.085003550146471376e-04,5.176791277196895894e-04
1.974803149606299613e+01,3.935165709377884792e-04,5.080430296417481634e-04
1.981102362204724798e+01,3.783904263489900623e-04,5.065015805308540958e-04
1.987401574803149629e+01,3.632092311445386476e-04,5.012910675996155299e-04
1.993700787401574814e+01,3.480817004080553694e-04,4.836808442808115537e-04
2.000000000000000000e+01,3.331025253019297182e-04,4.518781065469016853e-04
